failure_probability,capacity_per_worker,carbon_condition,baseline_scheduler,baseline_carbon_g,proposed_carbon_g,carbon_reduction_percent
0.0,1,High,Round Robin,1.7514087301587302,1.1719444444444445,33.085611355937964
0.0,1,Low,Round Robin,0.5838029100529101,0.39064814814814813,33.085611355937964
0.0,1,Medium,Round Robin,1.1676058201058201,0.7812962962962963,33.085611355937964
0.0,2,High,Round Robin,1.7514087301587302,0.919468253968254,47.501217840513874
0.0,2,Low,Round Robin,0.5838029100529101,0.30648941798941803,47.50121784051387
0.0,2,Medium,Round Robin,1.1676058201058201,0.6129788359788361,47.50121784051387
0.0,3,High,Round Robin,1.7514087301587302,0.919468253968254,47.501217840513874
0.0,3,Low,Round Robin,0.5838029100529101,0.30648941798941803,47.50121784051387
0.0,3,Medium,Round Robin,1.1676058201058201,0.6129788359788361,47.50121784051387
0.1,1,High,Round Robin,2.0605027216978216,1.3906317239445822,32.510075851842416
0.1,1,Low,Round Robin,0.628040389666939,0.46702653259660387,25.637500345435367
0.1,1,Medium,Round Robin,1.3106678442317514,0.982402972295712,25.045618795084728
0.1,2,High,Round Robin,1.923846137205106,1.021801690262197,46.88755662411583
0.1,2,Low,Round Robin,0.5860594949670908,0.3321351241912219,43.32740497449454
0.1,2,Medium,Round Robin,1.3450711088533713,0.7126851596082334,47.01505705406356
0.1,3,High,Round Robin,2.0113992630494897,1.0766940855486247,46.47039474816925
0.1,3,Low,Round Robin,0.7098465967971932,0.37179496476537216,47.62319542801219
0.1,3,Medium,Round Robin,1.247335132908835,0.6894940110385298,44.72263364933829
0.3,1,High,Round Robin,2.0119588981468595,1.8446320732536388,8.316612483850403
0.3,1,Low,Round Robin,0.6773685750447593,0.5351747768478116,20.992086647590916
0.3,1,Medium,Round Robin,1.3636009591563363,1.0759009809306461,21.09854619079257
0.3,2,High,Round Robin,2.2449325742481583,1.3232279447054291,41.05711860194348
0.3,2,Low,Round Robin,0.6163255693226481,0.45131430623857133,26.773392391528862
0.3,2,Medium,Round Robin,1.3600686268844389,0.8410606230907068,38.16042760890996
0.3,3,High,Round Robin,1.8911006433482391,1.3214939898119218,30.120377545206427
0.3,3,Low,Round Robin,0.64809540463936,0.4024242850482182,37.90662884391971
0.3,3,Medium,Round Robin,1.501464564408364,0.7878155177822931,47.53019575305639
0.5,1,High,Round Robin,1.4581937885097194,1.3900792461611091,4.671158448577923
0.5,1,Low,Round Robin,0.5826468256094001,0.4583509159805222,21.33297637018355
0.5,1,Medium,Round Robin,0.9241444314109017,0.8724775095426188,5.590784309483145
0.5,2,High,Round Robin,1.928163924659283,1.2157494950381997,36.94781447313774
0.5,2,Low,Round Robin,0.5619753667619424,0.4030227166232671,28.28462945885829
0.5,2,Medium,Round Robin,1.1476532242391926,0.9418726297182873,17.930555168990374
0.5,3,High,Round Robin,1.090105684702188,0.909422682895236,16.574815115867757
0.5,3,Low,Round Robin,0.5248533335732174,0.37227371290452854,29.07090627202883
0.5,3,Medium,Round Robin,0.8668038432256909,0.555967677675996,35.86003546003684
0.0,1,High,Least Loaded,1.8300317460317463,1.1719444444444445,35.96043090587379
0.0,1,Low,Least Loaded,0.610010582010582,0.39064814814814813,35.96043090587378
0.0,1,Medium,Least Loaded,1.220021164021164,0.7812962962962963,35.96043090587378
0.0,2,High,Least Loaded,1.8300317460317463,0.919468253968254,49.756704714984565
0.0,2,Low,Least Loaded,0.610010582010582,0.30648941798941803,49.75670471498455
0.0,2,Medium,Least Loaded,1.220021164021164,0.6129788359788361,49.75670471498455
0.0,3,High,Least Loaded,1.8300317460317463,0.919468253968254,49.756704714984565
0.0,3,Low,Least Loaded,0.610010582010582,0.30648941798941803,49.75670471498455
0.0,3,Medium,Least Loaded,1.220021164021164,0.6129788359788361,49.75670471498455
0.1,1,High,Least Loaded,1.8057196444039327,1.3906317239445822,22.987395731432652
0.1,1,Low,Least Loaded,0.5726052763485757,0.46702653259660387,18.438311366118178
0.1,1,Medium,Least Loaded,1.236227898034496,0.982402972295712,20.532211426578016
0.1,2,High,Least Loaded,1.7650855961754595,1.021801690262197,42.11036039973305
0.1,2,Low,Least Loaded,0.5344191209814514,0.3321351241912219,37.851189983385794
0.1,2,Medium,Least Loaded,1.2661107256150634,0.7126851596082334,43.71067670546599
0.1,3,High,Least Loaded,1.7772984559237452,1.0766940855486247,39.41962409521049
0.1,3,Low,Least Loaded,0.6481344458943622,0.37179496476537216,42.63613558567599
0.1,3,Medium,Least Loaded,1.1644139869726648,0.6894940110385298,40.786179249604295
0.3,1,High,Least Loaded,1.8708823926418505,1.8446320732536388,1.4030983182830643
0.3,1,Low,Least Loaded,0.6173862914116742,0.5351747768478116,13.316057662356465
0.3,1,Medium,Least Loaded,1.2081521547403755,1.0759009809306461,10.946566067098507
0.3,2,High,Least Loaded,1.9917358689651108,1.3232279447054291,33.56408521211363
0.3,2,Low,Least Loaded,0.5730936701057837,0.45131430623857133,21.24946936592999
0.3,2,Medium,Least Loaded,1.2004628675206341,0.8410606230907068,29.938639016150137
0.3,3,High,Least Loaded,1.5830456791660081,1.3214939898119218,16.522055730689903
0.3,3,Low,Least Loaded,0.6700319444381625,0.4024242850482182,39.93953745210456
0.3,3,Medium,Least Loaded,1.2688282613027544,0.7878155177822931,37.909996032606266
0.5,1,High,Least Loaded,1.383969639793132,1.3900792461611091,-0.4414552308308087
0.5,1,Low,Least Loaded,0.5614984576520847,0.4583509159805222,18.370048976247546
0.5,1,Medium,Least Loaded,0.8907986270287745,0.8724775095426188,2.0567069739729082
0.5,2,High,Least Loaded,1.747456679103279,1.2157494950381997,30.42748872824298
0.5,2,Low,Least Loaded,0.5754249715509819,0.4030227166232671,29.960857357828484
0.5,2,Medium,Least Loaded,1.0136893399585376,0.9418726297182873,7.084686344160208
0.5,3,High,Least Loaded,1.1497534497747177,0.909422682895236,20.902808939305384
0.5,3,Low,Least Loaded,0.5281183507715395,0.37227371290452854,29.50941538754223
0.5,3,Medium,Least Loaded,0.8765843712576862,0.555967677675996,36.5756798882557
0.0,1,High,Performance Only,1.1301825396825398,1.1719444444444445,-3.69514687190578
0.0,1,Low,Performance Only,0.37672751322751324,0.39064814814814813,-3.69514687190578
0.0,1,Medium,Performance Only,0.7534550264550265,0.7812962962962963,-3.69514687190578
0.0,2,High,Performance Only,1.1046031746031746,0.919468253968254,16.76031038942376
0.0,2,Low,Performance Only,0.36820105820105814,0.30648941798941803,16.76031038942374
0.0,2,Medium,Performance Only,0.7364021164021163,0.6129788359788361,16.76031038942374
0.0,3,High,Performance Only,1.173888888888889,0.919468253968254,21.673314853627204
0.0,3,Low,Performance Only,0.39129629629629625,0.30648941798941803,21.673314853627186
0.0,3,Medium,Performance Only,0.7825925925925925,0.6129788359788361,21.673314853627186
0.1,1,High,Performance Only,1.442550222908844,1.3906317239445822,3.5990773936154725
0.1,1,Low,Performance Only,0.4748144609793507,0.46702653259660387,1.6402045478319003
0.1,1,Medium,Performance Only,1.0179673226064236,0.982402972295712,3.493663256267591
0.1,2,High,Performance Only,1.2147561279057804,1.021801690262197,15.884211918011374
0.1,2,Low,Performance Only,0.3889477846978735,0.3321351241912219,14.606757704194795
0.1,2,Medium,Performance Only,0.8598740874103493,0.7126851596082334,17.117497777540812
0.1,3,High,Performance Only,1.329030188751058,1.0766940855486247,18.986483929275042
0.1,3,Low,Performance Only,0.4520360961512757,0.37179496476537216,17.751045119868156
0.1,3,Medium,Performance Only,0.8779704634128743,0.6894940110385298,21.467288505548687
0.3,1,High,Performance Only,1.856753563273897,1.8446320732536388,0.6528324630698505
0.3,1,Low,Performance Only,0.5286017197020121,0.5351747768478116,-1.2434800911175425
0.3,1,Medium,Performance Only,1.0713725890500485,1.0759009809306461,-0.42267199356040963
0.3,2,High,Performance Only,1.542146076318638,1.3232279447054291,14.195680615146609
0.3,2,Low,Performance Only,0.5145113995045545,0.45131430623857133,12.282933541771554
0.3,2,Medium,Performance Only,1.0373706346187388,0.8410606230907068,18.923806494694258
0.3,3,High,Performance Only,1.5945994693533743,1.3214939898119218,17.126901443921806
0.3,3,Low,Performance Only,0.56229184258164,0.4024242850482182,28.431420381171613
0.3,3,Medium,Performance Only,1.0288602338991943,0.7878155177822931,23.428324681515324
0.5,1,High,Performance Only,1.3529823259278844,1.3900792461611091,-2.741862884852057
0.5,1,Low,Performance Only,0.44412002295704683,0.4583509159805222,-3.204289896393998
0.5,1,Medium,Performance Only,0.9482900579400485,0.8724775095426188,7.994658149439609
0.5,2,High,Performance Only,1.304371682601292,1.2157494950381997,6.794243446496343
0.5,2,Low,Performance Only,0.47604114703692146,0.4030227166232671,15.338680462424625
0.5,2,Medium,Performance Only,0.9410175472935878,0.9418726297182873,-0.09086785120626273
0.5,3,High,Performance Only,1.096674707578751,0.909422682895236,17.0745275138999
0.5,3,Low,Performance Only,0.4579287684615793,0.37227371290452854,18.704886317758678
0.5,3,Medium,Performance Only,0.7990613572618934,0.555967677675996,30.422404659749198
0.0,1,High,CEDAR-inspired,1.1301825396825398,1.1719444444444445,-3.69514687190578
0.0,1,Low,CEDAR-inspired,0.37672751322751324,0.39064814814814813,-3.69514687190578
0.0,1,Medium,CEDAR-inspired,0.7534550264550265,0.7812962962962963,-3.69514687190578
0.0,2,High,CEDAR-inspired,0.919468253968254,0.919468253968254,0.0
0.0,2,Low,CEDAR-inspired,0.30648941798941803,0.30648941798941803,0.0
0.0,2,Medium,CEDAR-inspired,0.6129788359788361,0.6129788359788361,0.0
0.0,3,High,CEDAR-inspired,1.060468253968254,0.919468253968254,13.296013291522904
0.0,3,Low,CEDAR-inspired,0.35348941798941796,0.30648941798941803,13.296013291522893
0.0,3,Medium,CEDAR-inspired,0.7069788359788359,0.6129788359788361,13.296013291522893
0.1,1,High,CEDAR-inspired,1.442550222908844,1.3906317239445822,3.5990773936154725
0.1,1,Low,CEDAR-inspired,0.4748144609793507,0.46702653259660387,1.6402045478319003
0.1,1,Medium,CEDAR-inspired,1.0179673226064236,0.982402972295712,3.493663256267591
0.1,2,High,CEDAR-inspired,1.1003653243668376,1.021801690262197,7.139777341661245
0.1,2,Low,CEDAR-inspired,0.36311580432981533,0.3321351241912219,8.531900779084221
0.1,2,Medium,CEDAR-inspired,0.7429922290330956,0.7126851596082334,4.079056044005028
0.1,3,High,CEDAR-inspired,1.2511620752103034,1.0766940855486247,13.944475549448942
0.1,3,Low,CEDAR-inspired,0.41063836215048793,0.37179496476537216,9.459271457662963
0.1,3,Medium,CEDAR-inspired,0.7986742750984099,0.6894940110385298,13.67018664103427
0.3,1,High,CEDAR-inspired,1.856753563273897,1.8446320732536388,0.6528324630698505
0.3,1,Low,CEDAR-inspired,0.5286017197020121,0.5351747768478116,-1.2434800911175425
0.3,1,Medium,CEDAR-inspired,1.0713725890500485,1.0759009809306461,-0.42267199356040963
0.3,2,High,CEDAR-inspired,1.4816384430379486,1.3232279447054291,10.691575875131509
0.3,2,Low,CEDAR-inspired,0.4844154314485177,0.45131430623857133,6.833210311027063
0.3,2,Medium,CEDAR-inspired,0.9144459949390349,0.8410606230907068,8.025118186801242
0.3,3,High,CEDAR-inspired,1.579986910147352,1.3214939898119218,16.360446955305648
0.3,3,Low,CEDAR-inspired,0.5307233064453715,0.4024242850482182,24.17437105908583
0.3,3,Medium,CEDAR-inspired,0.9132542062683419,0.7878155177822931,13.735352941718734
0.5,1,High,CEDAR-inspired,1.3529823259278844,1.3900792461611091,-2.741862884852057
0.5,1,Low,CEDAR-inspired,0.44412002295704683,0.4583509159805222,-3.204289896393998
0.5,1,Medium,CEDAR-inspired,0.9482900579400485,0.8724775095426188,7.994658149439609
0.5,2,High,CEDAR-inspired,1.4388260550565155,1.2157494950381997,15.504067307813212
0.5,2,Low,CEDAR-inspired,0.4301468746339063,0.4030227166232671,6.305789861596523
0.5,2,Medium,CEDAR-inspired,0.9274901297889309,0.9418726297182873,-1.5506903488697505
0.5,3,High,CEDAR-inspired,1.1795929211259393,0.909422682895236,22.903684261925015
0.5,3,Low,CEDAR-inspired,0.5088914402131186,0.37227371290452854,26.84614369842337
0.5,3,Medium,CEDAR-inspired,0.7200190477354297,0.555967677675996,22.78430974505472
