scheduler,failure_probability,capacity_per_worker,carbon_condition,execution_time_seconds_mean,execution_time_seconds_std,energy_kwh_mean,energy_kwh_std,carbon_emissions_g_mean,carbon_emissions_g_std,failure_rate_percent_mean,failure_rate_percent_std,recovery_time_seconds_mean,recovery_time_seconds_std,total_attempts_mean,total_attempts_std,failed_attempts_mean,failed_attempts_std,completed_tasks_mean,completed_tasks_std,permanently_failed_tasks_mean,permanently_failed_tasks_std,recovered_task_count_mean,recovered_task_count_std,worker_failures_mean,worker_failures_std,worker_interrupted_tasks_mean,worker_interrupted_tasks_std,worker_failure_retries_mean,worker_failure_retries_std,worker_recoveries_mean,worker_recoveries_std
CEDAR-inspired,0.0,1,High,25.5952380952381,0.0,0.002820899470899471,0.0,1.1301825396825398,0.0,0.0,0.0,0.0,0.0,12.0,0.0,0.0,0.0,12.0,0.0,0.0,0.0,0.0,0.0,0.0,0.0,0.0,0.0,0.0,0.0,0.0,0.0
CEDAR-inspired,0.0,1,Low,25.5952380952381,0.0,0.002820899470899471,0.0,0.37672751322751324,0.0,0.0,0.0,0.0,0.0,12.0,0.0,0.0,0.0,12.0,0.0,0.0,0.0,0.0,0.0,0.0,0.0,0.0,0.0,0.0,0.0,0.0,0.0
CEDAR-inspired,0.0,1,Medium,25.5952380952381,0.0,0.002820899470899471,0.0,0.7534550264550265,0.0,0.0,0.0,0.0,0.0,12.0,0.0,0.0,0.0,12.0,0.0,0.0,0.0,0.0,0.0,0.0,0.0,0.0,0.0,0.0,0.0,0.0,0.0
CEDAR-inspired,0.0,2,High,25.5952380952381,0.0,0.0026304232804232803,0.0,0.919468253968254,0.0,0.0,0.0,0.0,0.0,12.0,0.0,0.0,0.0,12.0,0.0,0.0,0.0,0.0,0.0,0.0,0.0,0.0,0.0,0.0,0.0,0.0,0.0
CEDAR-inspired,0.0,2,Low,25.5952380952381,0.0,0.0026304232804232803,0.0,0.30648941798941803,0.0,0.0,0.0,0.0,0.0,12.0,0.0,0.0,0.0,12.0,0.0,0.0,0.0,0.0,0.0,0.0,0.0,0.0,0.0,0.0,0.0,0.0,0.0
CEDAR-inspired,0.0,2,Medium,25.5952380952381,0.0,0.0026304232804232803,0.0,0.6129788359788361,0.0,0.0,0.0,0.0,0.0,12.0,0.0,0.0,0.0,12.0,0.0,0.0,0.0,0.0,0.0,0.0,0.0,0.0,0.0,0.0,0.0,0.0,0.0
CEDAR-inspired,0.0,3,High,25.5952380952381,0.0,0.0026637566137566134,0.0,1.060468253968254,0.0,0.0,0.0,0.0,0.0,12.0,0.0,0.0,0.0,12.0,0.0,0.0,0.0,0.0,0.0,0.0,0.0,0.0,0.0,0.0,0.0,0.0,0.0
CEDAR-inspired,0.0,3,Low,25.5952380952381,0.0,0.0026637566137566134,0.0,0.35348941798941796,0.0,0.0,0.0,0.0,0.0,12.0,0.0,0.0,0.0,12.0,0.0,0.0,0.0,0.0,0.0,0.0,0.0,0.0,0.0,0.0,0.0,0.0,0.0
CEDAR-inspired,0.0,3,Medium,25.5952380952381,0.0,0.0026637566137566134,0.0,0.7069788359788359,0.0,0.0,0.0,0.0,0.0,12.0,0.0,0.0,0.0,12.0,0.0,0.0,0.0,0.0,0.0,0.0,0.0,0.0,0.0,0.0,0.0,0.0,0.0
CEDAR-inspired,0.1,1,High,349.3248300721266,17.353980818258627,0.003478596576180054,0.00039658873246034484,1.442550222908844,0.2644803254454475,11.918860830432038,4.66915508784631,8.594924375520156,4.879955971775091,15.083333333333334,1.8319554050414564,1.8333333333333333,0.8348471099367218,12.0,0.0,0.0,0.0,1.3333333333333333,0.6513389472789296,23.25,4.55521678957215,1.25,1.4222261679238195,1.25,1.4222261679238195,23.25,4.55521678957215
CEDAR-inspired,0.1,1,Low,350.1744393636477,9.838550310391305,0.0032905805486554713,0.0003274407388944754,0.4748144609793507,0.07796645092428518,6.667811355311355,7.839328958405408,2.3991402116402116,2.595430299847709,13.916666666666666,1.7298624923456325,1.0,1.2060453783110545,12.0,0.0,0.0,0.0,1.0,1.2060453783110545,24.583333333333332,3.9876703915337774,0.9166666666666666,1.378954368902449,0.9166666666666666,1.378954368902449,24.583333333333332,3.9876703915337774
CEDAR-inspired,0.1,1,Medium,343.6824519480115,17.081794018600068,0.0035083957766935624,0.00022153990517027156,1.0179673226064236,0.12628932511470733,8.783068783068783,7.1183911062355385,3.6388888888888893,2.9596655232677915,14.916666666666666,1.083624669450832,1.3333333333333333,1.0730867399773196,12.0,0.0,0.0,0.0,1.25,1.0552897060221726,25.333333333333332,4.141438777950865,1.5833333333333333,1.1645001528813153,1.5833333333333333,1.1645001528813153,25.333333333333332,4.141438777950865
CEDAR-inspired,0.1,2,High,336.7923444164371,22.567657945326403,0.0029569326329539954,0.00026506860650672205,1.1003653243668376,0.16879621820227803,5.090430402930403,5.812510480028061,3.1901581607098044,3.4412800014691505,13.666666666666666,1.3026778945578592,0.75,0.8660254037844386,12.0,0.0,0.0,0.0,0.75,0.8660254037844386,22.833333333333332,4.764133677487409,0.9166666666666666,0.7929614610987591,0.9166666666666666,0.7929614610987591,22.833333333333332,4.764133677487409
CEDAR-inspired,0.1,2,Low,349.72235216797526,9.349604585986587,0.002926779959773734,0.0003454762736030943,0.36311580432981533,0.07751352288012164,4.879740357681534,7.345403200282883,1.7495039682539684,2.1968874658958013,13.583333333333334,1.564279289951029,0.75,1.2154310870109943,12.0,0.0,0.0,0.0,0.75,1.2154310870109943,25.333333333333332,3.1430539096216403,0.8333333333333334,0.8348471099367218,0.8333333333333334,0.8348471099367218,25.333333333333332,3.1430539096216403
CEDAR-inspired,0.1,2,Medium,349.0638567963072,10.194608516285733,0.0030866231620405187,0.00026763810875999786,0.7429922290330956,0.07677556515803165,8.866376678876678,7.697667887866184,4.037768242008879,2.7745568107956387,14.416666666666666,1.311372170551507,1.3333333333333333,1.2309149097933274,12.0,0.0,0.0,0.0,1.1666666666666667,1.0298573010888745,24.5,3.9657625656704063,1.0833333333333333,1.0836246694508316,1.0833333333333333,1.0836246694508316,24.5,3.9657625656704063
CEDAR-inspired,0.1,3,High,346.0320727133442,16.37617772830419,0.0031392066330280153,0.00043438116525506794,1.2511620752103034,0.18804647208641306,7.323351349086643,7.557203206540402,3.7020502645502646,2.975811163097946,14.416666666666666,2.1514618004482156,1.1666666666666667,1.2673044646258473,12.0,0.0,0.0,0.0,1.0,0.9534625892455924,24.5,3.5032452487268535,1.25,1.4222261679238197,1.25,1.4222261679238197,24.5,3.5032452487268535
CEDAR-inspired,0.1,3,Low,346.4080726865008,11.519288603201522,0.0031605605127904527,0.00029036219985629466,0.41063836215048793,0.0366324278777434,9.854938770379947,7.221471990898048,4.332708819105783,2.770453557116081,14.75,1.6025547785276542,1.5,1.1677484162422846,12.0,0.0,0.0,0.0,1.4166666666666667,1.0836246694508316,25.833333333333332,3.9273709303097957,1.25,1.4222261679238197,1.25,1.4222261679238197,25.833333333333332,3.9273709303097957
CEDAR-inspired,0.1,3,Medium,349.6080381940019,11.504787657575532,0.0031284474438514256,0.0003053149471247437,0.7986742750984099,0.0641132484025145,8.092366332497912,6.235494616203823,3.5077624577686453,2.457650356264487,14.833333333333334,1.8989630344113089,1.25,0.9653072991634227,12.0,0.0,0.0,0.0,1.25,0.9653072991634227,25.166666666666668,3.40676688460784,1.5833333333333333,1.6213537179739277,1.5833333333333333,1.6213537179739277,25.166666666666668,3.40676688460784
CEDAR-inspired,0.3,1,High,357.9282700046565,3.5242937460277384,0.00412811453624477,0.0005938406504570352,1.856753563273897,0.3650393877517844,26.526437346660458,7.128280284073394,8.014439637207673,4.287367115437114,19.333333333333332,2.6053557891157184,5.083333333333333,1.378954368902449,8.333333333333334,2.015094553763188,1.0833333333333333,0.7929614610987591,2.75,1.2154310870109943,69.25,7.250391838940969,5.916666666666667,2.7122058561364044,5.083333333333333,2.2343733444579583,69.25,7.250391838940969
CEDAR-inspired,0.3,1,Low,356.7975082466152,3.708348434709002,0.0037270805006167917,0.000719686043845303,0.5286017197020121,0.10221371892166005,22.50103962060484,5.407730981923285,6.428593657746174,4.052742523342038,16.916666666666668,4.209477042305489,3.75,1.1381803659589922,9.083333333333334,2.937479851639476,0.5833333333333334,0.5149286505444373,2.0833333333333335,1.5050420310248864,70.41666666666667,4.77604502288306,4.083333333333333,2.5746432527221863,3.9166666666666665,2.353269807709857,70.41666666666667,4.77604502288306
CEDAR-inspired,0.3,1,Medium,356.99059476980545,3.729848640310714,0.0038030381171507647,0.0008341907398717517,1.0713725890500485,0.28590062417926404,14.112794558234667,8.546419593844451,4.830332315522706,3.5006024807526708,18.666666666666668,4.5792681696639,2.8333333333333335,1.9462473604038075,10.083333333333334,2.4664414311581235,0.5833333333333334,0.6685579234215214,1.8333333333333333,1.6422453217986945,71.16666666666667,6.712719721588713,5.75,3.3063300170760606,5.416666666666667,3.117642854737689,71.16666666666667,6.712719721588713
CEDAR-inspired,0.3,2,High,357.2261529360114,3.206743038907812,0.0036732895785835987,0.0009002882942985913,1.4816384430379486,0.4541043379675441,20.607849000844357,10.465371248033367,6.057016970846362,2.689807003873851,17.666666666666668,3.7979260688226177,3.75,2.137330535547045,9.5,2.6798914496333954,0.5833333333333334,0.5149286505444373,2.25,1.1381803659589922,67.58333333333333,4.962739956796839,4.416666666666667,2.3532698077098573,4.0,2.174229226018436,67.58333333333333,4.962739956796839
CEDAR-inspired,0.3,2,Low,356.99927831703434,3.1756255013118673,0.004025529504167925,0.0006826340814013912,0.4844154314485177,0.10082067412228153,24.352025898078526,11.610741407870455,6.573350518144813,1.8789538176399678,19.916666666666668,3.8009169547583777,5.083333333333333,2.7784342658585555,10.75,1.602554778527654,0.5,0.674199862463242,3.5833333333333335,1.781640374554423,68.83333333333333,8.233339467547708,4.083333333333333,2.874917653629668,3.8333333333333335,2.7247463045653304,68.83333333333333,8.233339467547708
CEDAR-inspired,0.3,2,Medium,357.2284106733338,3.6720191237587265,0.0037232286657886957,0.0007616078244501069,0.9144459949390349,0.23512944746267794,25.089119579251157,11.686274026633768,7.384195002514606,3.1423622304972825,17.666666666666668,3.0846639225613406,4.416666666666667,2.1933093855190746,10.0,2.174229226018436,0.5833333333333334,0.5149286505444373,2.1666666666666665,1.0298573010888745,71.33333333333333,8.63747999164459,3.25,1.9128750375000738,3.0833333333333335,1.6764862244009227,71.33333333333333,8.63747999164459
CEDAR-inspired,0.3,3,High,356.877912839021,3.6872731367426304,0.00403169705548563,0.0007779411506870803,1.579986910147352,0.4398263700494247,23.804573833940726,8.46246310817862,5.284496145386517,2.4945099424603248,20.333333333333332,4.376244411766229,4.833333333333333,2.167249338901663,10.083333333333334,2.968266507678524,0.75,1.1381803659589922,3.1666666666666665,1.8989630344113089,71.0,6.015132432608462,5.416666666666667,3.800916954758377,5.0,3.6431754380934325,71.0,6.015132432608462
CEDAR-inspired,0.3,3,Low,355.433955116323,2.073241542873165,0.004144841990316852,0.0007651240157249983,0.5307233064453715,0.11627935350323612,24.154440679545,10.199779464902399,6.173022363806254,1.2961191773311747,20.75,3.7688918072220456,4.916666666666667,1.9752253419585195,10.583333333333334,2.3532698077098573,0.4166666666666667,0.6685579234215214,3.4166666666666665,1.6764862244009227,68.16666666666667,6.1026571460654955,5.25,2.9580398915498085,5.083333333333333,3.028901190901153,68.16666666666667,6.1026571460654955
CEDAR-inspired,0.3,3,Medium,356.88465232397465,4.79309041790004,0.003504078277264308,0.0008506448681815886,0.9132542062683419,0.25633007732410173,20.707578393000386,8.120410164186683,5.125481108908887,2.9160492186331233,17.916666666666668,4.399552318822974,3.8333333333333335,1.8504708655481241,9.083333333333334,3.287948609787881,0.75,0.7537783614444091,2.25,1.7122552910761242,70.83333333333333,6.264377402617458,5.0,3.302891295379082,4.75,3.2227881773960316,70.83333333333333,6.264377402617458
CEDAR-inspired,0.5,1,High,358.12997231717213,1.325215236177552,0.0031138721120138636,0.0009086161846669664,1.3529823259278844,0.4859328303332701,24.13072091282483,8.676960073175795,7.443327234150122,6.230450662617319,17.083333333333332,4.851585182997283,4.25,2.3403573930647275,4.083333333333333,2.02072594216369,2.0833333333333335,0.996204919895622,1.5,1.3142574813455419,105.75,7.174766388341344,8.75,2.632834628649924,7.0,2.215646837627989,105.75,7.174766388341344
CEDAR-inspired,0.5,1,Low,359.0889366292411,1.8000581247871839,0.00307979279897959,0.0011729727382695056,0.44412002295704683,0.16497738250014937,32.94909281751387,10.800232725694446,4.22180627428758,4.5116925760614714,16.25,5.101247619232699,5.25,2.0056737702645644,3.0833333333333335,2.5030284687057627,2.4166666666666665,0.7929614610987591,1.1666666666666667,1.337115846843043,104.66666666666667,3.7254245232976957,7.916666666666667,2.02072594216369,6.75,1.764549903980152,104.66666666666667,3.7254245232976957
CEDAR-inspired,0.5,1,Medium,358.1740594946851,2.282930500019457,0.0034601850358039975,0.0010877959821451024,0.9482900579400485,0.2914139044364729,24.38708178646259,10.810287707757873,6.106040230019185,2.7910348480166474,18.916666666666668,5.035480176314928,4.75,2.8643577734887544,5.583333333333333,2.6097137890209456,1.8333333333333333,0.8348471099367217,1.8333333333333333,1.3371158468430429,105.91666666666667,5.648142628467801,8.583333333333334,2.4293034292807376,7.416666666666667,2.1514618004482156,105.91666666666667,5.648142628467801
CEDAR-inspired,0.5,2,High,359.2316156690529,1.83892214569138,0.0036033280395128425,0.0009377848102738856,1.4388260550565155,0.4978725859266746,24.12854630413614,10.197777085998455,5.73053932643388,3.9269641504366954,19.75,4.413306326018252,4.75,1.9598237397554636,6.333333333333333,3.2844906435973886,1.6666666666666667,0.778498944161523,2.1666666666666665,1.6422453217986943,107.83333333333333,6.307763374436203,8.666666666666666,2.964435660944387,7.416666666666667,2.466441431158124,107.83333333333333,6.307763374436203
CEDAR-inspired,0.5,2,Low,357.8494266532621,3.3056034917464676,0.0032917786851930047,0.0013661599521116897,0.4301468746339063,0.17772585625391882,29.896952425020103,8.73860587047384,6.356525088812094,4.6465952702295565,18.0,6.674238124719146,5.416666666666667,2.5030284687057627,5.083333333333333,3.604500553811061,1.8333333333333333,1.1146408580454255,1.8333333333333333,1.7494587907710375,102.58333333333333,4.621261798043974,7.5,3.4509550720186017,6.333333333333333,2.8709622502610936,102.58333333333333,4.621261798043974
CEDAR-inspired,0.5,2,Medium,357.74752037934667,2.2744142122636193,0.0034321920229098512,0.0014125159155878376,0.9274901297889309,0.3574084888433788,27.07692267474876,8.881682188501047,5.039747161372016,3.4736961012235734,18.5,6.288517674735005,5.333333333333333,3.2286595398465945,4.666666666666667,3.3665016461206925,2.25,1.1381803659589924,1.8333333333333333,2.1248885888797826,108.41666666666667,6.788470618138765,8.5,2.06705763652765,7.0,1.9069251784911847,108.41666666666667,6.788470618138765
CEDAR-inspired,0.5,3,High,358.37018165578434,1.7901265337483323,0.003007870452764659,0.001119904637016172,1.1795929211259393,0.43911929583263026,21.27467303937892,13.008437314169528,3.8704321412302924,4.177362211977027,18.083333333333332,5.501377238033356,4.083333333333333,2.906367096044424,3.5833333333333335,3.0883456393154556,2.25,0.8660254037844386,1.0,1.1281521496355325,108.0,5.169842621131976,10.416666666666666,2.5746432527221863,9.083333333333334,2.353269807709857,108.0,5.169842621131976
CEDAR-inspired,0.5,3,Low,357.7733107207791,1.7370604054558967,0.0037276102210236756,0.001492183178011151,0.5088914402131186,0.2753680514877652,30.942955192955193,15.49327954646817,6.255843672589972,3.7953894862820583,19.916666666666668,6.734690832255079,5.833333333333333,3.040135563165604,5.333333333333333,3.0846639225613406,1.9166666666666667,0.7929614610987591,2.5833333333333335,2.1933093855190746,105.5,7.166842844909911,8.75,4.807664335582962,7.333333333333333,4.5792681696639015,105.5,7.166842844909911
CEDAR-inspired,0.5,3,Medium,358.45443154838136,2.101443120921434,0.0029262746255425097,0.001267802816425408,0.7200190477354297,0.2755164692324365,27.543077837195483,10.168787522978228,2.8169098347268804,3.8415916039901794,15.916666666666666,6.761634193720995,4.5,2.5045413298101655,4.833333333333333,3.5632807491088454,1.8333333333333333,1.0298573010888745,1.3333333333333333,1.8748737331221843,106.91666666666667,6.788470618138768,6.583333333333333,3.579190699111471,5.75,3.3878123807661966,106.91666666666667,6.788470618138768
Least Loaded,0.0,1,High,29.0,0.0,0.003436243386243386,0.0,1.8300317460317463,0.0,0.0,0.0,0.0,0.0,12.0,0.0,0.0,0.0,12.0,0.0,0.0,0.0,0.0,0.0,0.0,0.0,0.0,0.0,0.0,0.0,0.0,0.0
Least Loaded,0.0,1,Low,29.0,0.0,0.003436243386243386,0.0,0.610010582010582,0.0,0.0,0.0,0.0,0.0,12.0,0.0,0.0,0.0,12.0,0.0,0.0,0.0,0.0,0.0,0.0,0.0,0.0,0.0,0.0,0.0,0.0,0.0
Least Loaded,0.0,1,Medium,29.0,0.0,0.003436243386243386,0.0,1.220021164021164,0.0,0.0,0.0,0.0,0.0,12.0,0.0,0.0,0.0,12.0,0.0,0.0,0.0,0.0,0.0,0.0,0.0,0.0,0.0,0.0,0.0,0.0,0.0
Least Loaded,0.0,2,High,29.0,0.0,0.003436243386243386,0.0,1.8300317460317463,0.0,0.0,0.0,0.0,0.0,12.0,0.0,0.0,0.0,12.0,0.0,0.0,0.0,0.0,0.0,0.0,0.0,0.0,0.0,0.0,0.0,0.0,0.0
Least Loaded,0.0,2,Low,29.0,0.0,0.003436243386243386,0.0,0.610010582010582,0.0,0.0,0.0,0.0,0.0,12.0,0.0,0.0,0.0,12.0,0.0,0.0,0.0,0.0,0.0,0.0,0.0,0.0,0.0,0.0,0.0,0.0,0.0
Least Loaded,0.0,2,Medium,29.0,0.0,0.003436243386243386,0.0,1.220021164021164,0.0,0.0,0.0,0.0,0.0,12.0,0.0,0.0,0.0,12.0,0.0,0.0,0.0,0.0,0.0,0.0,0.0,0.0,0.0,0.0,0.0,0.0,0.0
Least Loaded,0.0,3,High,29.0,0.0,0.003436243386243386,0.0,1.8300317460317463,0.0,0.0,0.0,0.0,0.0,12.0,0.0,0.0,0.0,12.0,0.0,0.0,0.0,0.0,0.0,0.0,0.0,0.0,0.0,0.0,0.0,0.0,0.0
Least Loaded,0.0,3,Low,29.0,0.0,0.003436243386243386,0.0,0.610010582010582,0.0,0.0,0.0,0.0,0.0,12.0,0.0,0.0,0.0,12.0,0.0,0.0,0.0,0.0,0.0,0.0,0.0,0.0,0.0,0.0,0.0,0.0,0.0
Least Loaded,0.0,3,Medium,29.0,0.0,0.003436243386243386,0.0,1.220021164021164,0.0,0.0,0.0,0.0,0.0,12.0,0.0,0.0,0.0,12.0,0.0,0.0,0.0,0.0,0.0,0.0,0.0,0.0,0.0,0.0,0.0,0.0,0.0
Least Loaded,0.1,1,High,349.3248300721266,17.353980818258627,0.003788501817453703,0.00041258498806568967,1.8057196444039327,0.31103172483973435,10.964029842706312,6.467246884835503,8.02532523379231,4.161631439530471,14.833333333333334,1.337115846843043,1.6666666666666667,1.0730867399773196,12.0,0.0,0.0,0.0,1.1666666666666667,0.5773502691896258,23.25,4.55521678957215,1.1666666666666667,1.1146408580454257,1.1666666666666667,1.1146408580454257,23.25,4.55521678957215
Least Loaded,0.1,1,Low,350.1744393636477,9.838550310391305,0.00356381201836614,0.0003302606259524404,0.5726052763485757,0.06860949121168355,5.541819291819292,6.659452807126473,2.7554563492063493,2.9945789704478902,14.25,1.4222261679238197,0.8333333333333334,1.0298573010888745,12.0,0.0,0.0,0.0,0.8333333333333334,1.0298573010888745,24.583333333333332,3.9876703915337774,1.4166666666666667,1.2401124093721454,1.4166666666666667,1.2401124093721454,24.583333333333332,3.9876703915337774
Least Loaded,0.1,1,Medium,343.6824519480115,17.081794018600068,0.003854493370927494,0.00047134526879124953,1.236227898034496,0.19564907032589976,8.898609882549511,7.215055698073227,4.202644210835826,3.522659423000018,15.333333333333334,1.614329769923297,1.4166666666666667,1.164500152881315,12.0,0.0,0.0,0.0,1.3333333333333333,1.1547005383792517,25.333333333333332,4.141438777950865,1.9166666666666667,1.3113721705515065,1.9166666666666667,1.3113721705515065,25.333333333333332,4.141438777950865
Least Loaded,0.1,2,High,336.7923444164371,22.567657945326403,0.0036572756316067146,0.0003476563217443048,1.7650855961754595,0.28122348024396665,6.618208180708181,5.527997759489162,4.257988591306812,3.5354483788251647,14.333333333333334,1.4974726182552527,1.0,0.8528028654224418,12.0,0.0,0.0,0.0,1.0,0.8528028654224418,22.833333333333332,4.764133677487409,1.3333333333333333,1.0730867399773196,1.3333333333333333,1.0730867399773196,22.833333333333332,4.764133677487409
Least Loaded,0.1,2,Low,349.72235216797526,9.349604585986587,0.0035042035025154446,0.00038313183016302593,0.5344191209814514,0.09471303767543468,5.647542136512725,8.132713795782948,2.996527777777778,3.3183592801698794,14.5,1.6787441193290353,0.9166666666666666,1.4433756729740645,12.0,0.0,0.0,0.0,0.8333333333333334,1.1934162828797101,25.333333333333332,3.1430539096216403,1.5833333333333333,0.9962049198956219,1.5833333333333333,0.9962049198956219,25.333333333333332,3.1430539096216403
Least Loaded,0.1,2,Medium,349.0638567963072,10.194608516285733,0.003879891600869545,0.00037486141521283865,1.2661107256150634,0.19968955473862313,10.73967086834734,8.374966234064397,5.955004660613521,5.102406865698966,15.0,1.5374122295716146,1.6666666666666667,1.3026778945578592,11.5,1.243163121016122,0.16666666666666666,0.38924947208076144,1.1666666666666667,0.8348471099367218,24.5,3.9657625656704063,1.8333333333333333,1.1146408580454255,1.6666666666666667,1.0730867399773196,24.5,3.9657625656704063
Least Loaded,0.1,3,High,346.0320727133442,16.37617772830419,0.003762899510421148,0.0006895935158743628,1.7772984559237452,0.5410331915024266,8.018207282913165,7.65150336620213,4.611254167855585,4.207221510584965,15.083333333333334,2.6097137890209456,1.3333333333333333,1.3706888336846839,12.0,0.0,0.0,0.0,1.1666666666666667,1.1146408580454255,24.5,3.5032452487268535,1.75,1.764549903980152,1.75,1.764549903980152,24.5,3.5032452487268535
Least Loaded,0.1,3,Low,346.4080726865008,11.519288603201522,0.003892326012496261,0.0003305137746199769,0.6481344458943622,0.0781645718012422,10.00281151596941,7.590665459583947,5.473176883761177,4.290769337292117,15.166666666666666,1.992409839791244,1.5833333333333333,1.378954368902449,12.0,0.0,0.0,0.0,1.4166666666666667,1.1645001528813148,25.833333333333332,3.9273709303097957,1.5833333333333333,1.6764862244009227,1.5833333333333333,1.6764862244009227,25.833333333333332,3.9273709303097957
Least Loaded,0.1,3,Medium,349.6080381940019,11.504787657575532,0.0037566877103445448,0.0002958195292448927,1.1644139869726648,0.15811358826874353,9.736811391223155,6.309687701863651,5.332668907838556,2.8922817405378005,15.25,1.4847711791873703,1.5,0.9999999999999999,12.0,0.0,0.0,0.0,1.5,0.9999999999999999,25.166666666666668,3.40676688460784,1.75,1.5447859516333116,1.75,1.5447859516333116,25.166666666666668,3.40676688460784
Least Loaded,0.3,1,High,357.9282700046565,3.5242937460277384,0.00412411284395232,0.0008599814440361969,1.8708823926418505,0.41106221579946783,23.53239590365271,8.64916106780071,8.200712287022965,5.347695081399261,19.166666666666668,5.356955263670745,4.333333333333333,1.7232808737106582,8.583333333333334,2.9063670960444243,0.9166666666666666,0.7929614610987591,2.0,1.348399724926484,69.25,7.250391838940969,6.25,3.194455423784382,5.666666666666667,2.994945236510506,69.25,7.250391838940969
Least Loaded,0.3,1,Low,356.7975082466152,3.708348434709002,0.004052635282007117,0.0006726412395672263,0.6173862914116742,0.08719679911284331,24.02845348665782,6.685540794692504,6.766000154423655,2.14287667141518,18.25,3.744693214767703,4.25,0.9653072991634227,8.75,2.9580398915498076,0.8333333333333334,0.5773502691896257,2.5833333333333335,1.164500152881315,70.41666666666667,4.77604502288306,5.25,2.41679727964699,4.75,2.179449471770337,70.41666666666667,4.77604502288306
Least Loaded,0.3,1,Medium,356.99059476980545,3.729848640310714,0.0040517033027223145,0.0006328218732093302,1.2081521547403755,0.2309229789645953,18.53187289408517,9.468056848688324,7.141835362236047,3.340438098266356,19.5,3.1766191290283907,3.5833333333333335,1.6764862244009227,9.583333333333334,3.2601821849074444,0.5,0.674199862463242,2.4166666666666665,0.90033663737852,71.16666666666667,6.712719721588713,6.333333333333333,2.839120649181021,6.083333333333333,2.644319239884671,71.16666666666667,6.712719721588713
Least Loaded,0.3,2,High,357.2261529360114,3.206743038907812,0.004288289272038867,0.0004615513261704785,1.9917358689651108,0.2765378640610213,16.184255666647307,7.548251288902702,8.33413121217094,3.8869700923893875,18.5,2.1532216876958206,3.0833333333333335,1.6764862244009227,10.833333333333334,1.80067327475704,0.3333333333333333,0.49236596391733095,2.0,1.2060453783110545,67.58333333333333,4.962739956796839,4.583333333333333,2.193309385519074,4.416666666666667,2.1514618004482156,67.58333333333333,4.962739956796839
Least Loaded,0.3,2,Low,356.99927831703434,3.1756255013118673,0.004017264437858323,0.0010321763553895631,0.5730936701057837,0.21143421323045053,22.2827168624887,11.651847536127965,6.638272188317842,2.548062507859321,19.0,3.4641016151377544,4.416666666666667,2.5030284687057627,10.0,2.7633971188310293,0.5,0.674199862463242,3.0833333333333335,1.880924981991251,68.83333333333333,8.233339467547708,4.583333333333333,2.108783937953269,4.333333333333333,1.9227505550564008,68.83333333333333,8.233339467547708
Least Loaded,0.3,2,Medium,357.2284106733338,3.6720191237587265,0.004055061103814516,0.0008942696285118294,1.2004628675206341,0.3153473857033051,21.326006120729502,9.510589318827165,7.6127038789161725,2.5467928688445176,17.583333333333332,3.60450055381106,3.8333333333333335,2.1248885888797826,9.5,2.4308621740219882,0.6666666666666666,0.6513389472789296,2.1666666666666665,1.4668044012461756,71.33333333333333,8.63747999164459,4.25,1.602554778527654,3.9166666666666665,1.443375672974064,71.33333333333333,8.63747999164459
Least Loaded,0.3,3,High,356.877912839021,3.6872731367426304,0.0038133428552135523,0.0010718224564253242,1.5830456791660081,0.5083882199097333,20.665075245383775,9.152059775752553,7.35172507589602,6.332830945708423,19.0,5.688904671695278,3.9166666666666665,2.1087839379532687,8.416666666666666,3.528026317499587,0.8333333333333334,0.8348471099367218,2.1666666666666665,1.80067327475704,71.0,6.015132432608462,6.666666666666667,3.1718458443950364,6.083333333333333,3.0587678248047214,71.0,6.015132432608462
Least Loaded,0.3,3,Low,355.433955116323,2.073241542873165,0.004541944679479459,0.0010624947629520706,0.6700319444381625,0.2255669215460073,22.20523620480714,13.415121680628882,7.49243662314981,2.5010192953953805,20.666666666666668,3.524803884507963,4.5,2.393172105652397,10.0,2.696799449852968,0.5833333333333334,0.6685579234215214,3.0,1.5374122295716148,68.16666666666667,6.1026571460654955,6.166666666666667,2.2087978356535665,6.0,2.2563042992710645,68.16666666666667,6.1026571460654955
Least Loaded,0.3,3,Medium,356.88465232397465,4.79309041790004,0.004386099237954094,0.0009270064851227912,1.2688282613027544,0.3005891766841601,20.600254662420948,5.103157435902468,7.849487226357964,1.7292937548572525,20.583333333333332,3.5021638332824336,4.333333333333333,1.6696942198734437,10.583333333333334,2.3532698077098573,0.3333333333333333,0.4923659639173309,3.3333333333333335,1.2309149097933272,70.83333333333333,6.264377402617458,5.666666666666667,2.570225788926064,5.416666666666667,2.274696116900546,70.83333333333333,6.264377402617458
Least Loaded,0.5,1,High,358.12997231717213,1.325215236177552,0.0031226372375541887,0.0009146608304366086,1.383969639793132,0.40000060886670274,25.038187002196292,12.517036445197904,5.105115096372856,4.213002907021609,16.75,5.189587477036896,4.166666666666667,2.2896340848319503,3.9166666666666665,2.3532698077098573,2.0833333333333335,0.7929614610987591,1.3333333333333333,1.2309149097933274,105.75,7.174766388341344,8.666666666666666,3.4200832880164915,6.833333333333333,3.214550253664319,105.75,7.174766388341344
Least Loaded,0.5,1,Low,359.0889366292411,1.8000581247871839,0.003729621578173598,0.000999893744019484,0.5614984576520847,0.1591950169479777,25.031616219402263,13.699426635458169,6.845954291342889,5.539399475334366,18.5,4.295875400258422,4.75,2.6328346286499236,5.083333333333333,1.7816403745544227,1.9166666666666667,0.6685579234215215,1.5833333333333333,1.378954368902449,104.66666666666667,3.7254245232976957,8.666666666666666,1.9227505550564008,7.583333333333333,1.378954368902449,104.66666666666667,3.7254245232976957
Least Loaded,0.5,1,Medium,358.1740594946851,2.282930500019457,0.003149015451251198,0.0007159926743793947,0.8907986270287745,0.18249379108986669,25.865980389006705,12.095112622774998,4.687003968253968,3.634180364093457,16.75,3.6462932610329832,4.416666666666667,2.4664414311581235,4.416666666666667,2.2343733444579583,1.9166666666666667,0.7929614610987592,1.5833333333333333,1.5642792899510294,105.91666666666667,5.648142628467801,7.916666666666667,2.151461800448216,6.583333333333333,1.8809249819912512,105.91666666666667,5.648142628467801
Least Loaded,0.5,2,High,359.2316156690529,1.83892214569138,0.003992223250648645,0.001392729855758488,1.747456679103279,0.6643806683379195,23.469343801193645,7.4723729523915745,7.1522639440385865,2.7463276382200226,21.0,6.310164959664828,5.0,2.2962419891481978,5.75,3.1658691180665186,2.0833333333333335,0.90033663737852,2.3333333333333335,1.497472618255253,107.83333333333333,6.307763374436203,10.25,3.5707142142714248,8.75,3.0188799849673327,107.83333333333333,6.307763374436203
Least Loaded,0.5,2,Low,357.8494266532621,3.3056034917464676,0.0039439275806983235,0.001082695570770407,0.5754249715509819,0.20180504422560333,26.452732897240907,11.067588261130872,6.046889514503481,3.5663216987634696,20.833333333333332,5.166911040164104,5.25,2.050498830661811,5.5,3.1766191290283903,2.0,1.044465935734187,1.8333333333333333,1.2673044646258476,102.58333333333333,4.621261798043974,10.083333333333334,4.252450274057692,8.75,3.9109403658780773,102.58333333333333,4.621261798043974
Least Loaded,0.5,2,Medium,357.74752037934667,2.2744142122636193,0.0033874007138098715,0.0009964111688578357,1.0136893399585376,0.33209864225518426,25.90963918910143,7.160603401508376,5.178236353466177,3.968085702236641,18.416666666666668,4.737823307909413,4.75,1.7645499039801518,4.833333333333333,3.010084062049773,2.0833333333333335,0.7929614610987591,1.5833333333333333,1.5050420310248864,108.41666666666667,6.788470618138765,8.833333333333334,2.167249338901663,7.916666666666667,1.7816403745544227,108.41666666666667,6.788470618138765
Least Loaded,0.5,3,High,358.37018165578434,1.7901265337483323,0.002868633683752186,0.0010404251400291994,1.1497534497747177,0.4345784273250914,22.75892635946984,9.594901223368497,5.358187847884163,3.8660235952249837,17.5,5.107926104683689,4.0,1.9069251784911847,3.6666666666666665,3.256694736394648,2.25,0.8660254037844386,1.4166666666666667,1.164500152881315,108.0,5.169842621131976,9.833333333333334,2.443296332763787,8.166666666666666,2.2896340848319503,108.0,5.169842621131976
Least Loaded,0.5,3,Low,357.7733107207791,1.7370604054558967,0.0036151956496484846,0.0010522082392735673,0.5281183507715395,0.17915714804904317,26.77162938540648,12.649858134726228,7.2446637233851225,5.442667590660853,18.25,4.993177163071443,4.666666666666667,2.348435972120917,5.416666666666667,2.8109633849474367,1.6666666666666667,0.778498944161523,1.5,1.381698559415515,105.5,7.166842844909911,8.166666666666666,3.186144245246149,7.083333333333333,2.906367096044424,105.5,7.166842844909911
Least Loaded,0.5,3,Medium,358.45443154838136,2.101443120921434,0.0031482034474121525,0.0012873776305469763,0.8765843712576862,0.39704690224692085,24.023556155236054,11.645699447067571,6.063494115528001,4.268430784288998,17.416666666666668,6.0371325724196,4.25,2.70100991213556,5.0,3.0748244591432297,1.8333333333333333,0.7177405625652734,1.4166666666666667,1.0836246694508316,106.91666666666667,6.788470618138768,8.166666666666666,2.9490625115398448,6.833333333333333,2.9180732539042804,106.91666666666667,6.788470618138768
Performance Only,0.0,1,High,25.5952380952381,0.0,0.002820899470899471,0.0,1.1301825396825398,0.0,0.0,0.0,0.0,0.0,12.0,0.0,0.0,0.0,12.0,0.0,0.0,0.0,0.0,0.0,0.0,0.0,0.0,0.0,0.0,0.0,0.0,0.0
Performance Only,0.0,1,Low,25.5952380952381,0.0,0.002820899470899471,0.0,0.37672751322751324,0.0,0.0,0.0,0.0,0.0,12.0,0.0,0.0,0.0,12.0,0.0,0.0,0.0,0.0,0.0,0.0,0.0,0.0,0.0,0.0,0.0,0.0,0.0
Performance Only,0.0,1,Medium,25.5952380952381,0.0,0.002820899470899471,0.0,0.7534550264550265,0.0,0.0,0.0,0.0,0.0,12.0,0.0,0.0,0.0,12.0,0.0,0.0,0.0,0.0,0.0,0.0,0.0,0.0,0.0,0.0,0.0,0.0,0.0
Performance Only,0.0,2,High,22.857142857142858,0.0,0.002671957671957672,0.0,1.1046031746031746,0.0,0.0,0.0,0.0,0.0,12.0,0.0,0.0,0.0,12.0,0.0,0.0,0.0,0.0,0.0,0.0,0.0,0.0,0.0,0.0,0.0,0.0,0.0
Performance Only,0.0,2,Low,22.857142857142858,0.0,0.002671957671957672,0.0,0.36820105820105814,0.0,0.0,0.0,0.0,0.0,12.0,0.0,0.0,0.0,12.0,0.0,0.0,0.0,0.0,0.0,0.0,0.0,0.0,0.0,0.0,0.0,0.0,0.0
Performance Only,0.0,2,Medium,22.857142857142858,0.0,0.002671957671957672,0.0,0.7364021164021163,0.0,0.0,0.0,0.0,0.0,12.0,0.0,0.0,0.0,12.0,0.0,0.0,0.0,0.0,0.0,0.0,0.0,0.0,0.0,0.0,0.0,0.0,0.0
Performance Only,0.0,3,High,22.857142857142858,0.0,0.002648148148148148,0.0,1.173888888888889,0.0,0.0,0.0,0.0,0.0,12.0,0.0,0.0,0.0,12.0,0.0,0.0,0.0,0.0,0.0,0.0,0.0,0.0,0.0,0.0,0.0,0.0,0.0
Performance Only,0.0,3,Low,22.857142857142858,0.0,0.002648148148148148,0.0,0.39129629629629625,0.0,0.0,0.0,0.0,0.0,12.0,0.0,0.0,0.0,12.0,0.0,0.0,0.0,0.0,0.0,0.0,0.0,0.0,0.0,0.0,0.0,0.0,0.0
Performance Only,0.0,3,Medium,22.857142857142858,0.0,0.002648148148148148,0.0,0.7825925925925925,0.0,0.0,0.0,0.0,0.0,12.0,0.0,0.0,0.0,12.0,0.0,0.0,0.0,0.0,0.0,0.0,0.0,0.0,0.0,0.0,0.0,0.0,0.0
Performance Only,0.1,1,High,349.3248300721266,17.353980818258627,0.003478596576180054,0.00039658873246034484,1.442550222908844,0.2644803254454475,11.918860830432038,4.66915508784631,8.594924375520156,4.879955971775091,15.083333333333334,1.8319554050414564,1.8333333333333333,0.8348471099367218,12.0,0.0,0.0,0.0,1.3333333333333333,0.6513389472789296,23.25,4.55521678957215,1.25,1.4222261679238195,1.25,1.4222261679238195,23.25,4.55521678957215
Performance Only,0.1,1,Low,350.1744393636477,9.838550310391305,0.0032905805486554713,0.0003274407388944754,0.4748144609793507,0.07796645092428518,6.667811355311355,7.839328958405408,2.3991402116402116,2.595430299847709,13.916666666666666,1.7298624923456325,1.0,1.2060453783110545,12.0,0.0,0.0,0.0,1.0,1.2060453783110545,24.583333333333332,3.9876703915337774,0.9166666666666666,1.378954368902449,0.9166666666666666,1.378954368902449,24.583333333333332,3.9876703915337774
Performance Only,0.1,1,Medium,343.6824519480115,17.081794018600068,0.0035083957766935624,0.00022153990517027156,1.0179673226064236,0.12628932511470733,8.783068783068783,7.1183911062355385,3.6388888888888893,2.9596655232677915,14.916666666666666,1.083624669450832,1.3333333333333333,1.0730867399773196,12.0,0.0,0.0,0.0,1.25,1.0552897060221726,25.333333333333332,4.141438777950865,1.5833333333333333,1.1645001528813153,1.5833333333333333,1.1645001528813153,25.333333333333332,4.141438777950865
Performance Only,0.1,2,High,336.7923444164371,22.567657945326403,0.0030253658664612672,0.00025747450509537714,1.2147561279057804,0.09731133692589243,7.266259067729656,5.161366694493577,3.809525260056203,2.4803876445679722,14.083333333333334,1.621353717973928,1.0833333333333333,0.7929614610987591,12.0,0.0,0.0,0.0,1.0833333333333333,0.7929614610987591,22.833333333333332,4.764133677487409,1.0,1.044465935734187,1.0,1.044465935734187,22.833333333333332,4.764133677487409
Performance Only,0.1,2,Low,349.72235216797526,9.349604585986587,0.0028987843648080346,0.0002467189219728175,0.3889477846978735,0.030608422173726536,4.903397256338432,6.843808515731758,2.140260316171613,2.285679227134422,13.666666666666666,1.6143297699232972,0.75,1.1381803659589922,12.0,0.0,0.0,0.0,0.75,1.1381803659589922,25.333333333333332,3.1430539096216403,0.9166666666666666,0.9962049198956219,0.9166666666666666,0.9962049198956219,25.333333333333332,3.1430539096216403
Performance Only,0.1,2,Medium,349.0638567963072,10.194608516285733,0.0032232892793511866,0.0003937841125839501,0.8598740874103493,0.105438940276836,9.932816187653648,7.146464743220051,4.6582617794831815,2.918678680566351,15.166666666666666,2.037526724122938,1.5833333333333333,1.2401124093721456,12.0,0.0,0.0,0.0,1.3333333333333333,0.9847319278346618,24.5,3.9657625656704063,1.5833333333333333,1.5642792899510296,1.5833333333333333,1.5642792899510296,24.5,3.9657625656704063
Performance Only,0.1,3,High,346.0320727133442,16.37617772830419,0.0030789688238419786,0.00044850205676836354,1.329030188751058,0.16758445568305505,6.755799992061601,7.171002626721145,3.7408262350870474,3.072538641255592,14.416666666666666,2.391588796113782,1.0833333333333333,1.2401124093721456,12.0,0.0,0.0,0.0,0.9166666666666666,0.90033663737852,24.5,3.5032452487268535,1.3333333333333333,1.6696942198734437,1.3333333333333333,1.6696942198734437,24.5,3.5032452487268535
Performance Only,0.1,3,Low,346.4080726865008,11.519288603201522,0.0031883850843267086,0.0003582862386377353,0.4520360961512757,0.04289055518974334,9.554471586205333,7.482758862920433,4.100045547822691,3.067734894699081,15.25,2.3403573930647275,1.5,1.2431631210161223,12.0,0.0,0.0,0.0,1.4166666666666667,1.1645001528813148,25.833333333333332,3.9273709303097957,1.75,2.179449471770337,1.75,2.179449471770337,25.833333333333332,3.9273709303097957
Performance Only,0.1,3,Medium,349.6080381940019,11.504787657575532,0.003153981768813942,0.0003030533768251062,0.8779704634128743,0.0771144385083017,8.608754399195576,6.5561344017313585,3.653752428764804,2.447147489929945,15.25,2.527125567985025,1.3333333333333333,0.9847319278346618,12.0,0.0,0.0,0.0,1.3333333333333333,0.9847319278346618,25.166666666666668,3.40676688460784,1.9166666666666667,2.4664414311581235,1.9166666666666667,2.4664414311581235,25.166666666666668,3.40676688460784
Performance Only,0.3,1,High,357.9282700046565,3.5242937460277384,0.00412811453624477,0.0005938406504570352,1.856753563273897,0.3650393877517844,26.526437346660458,7.128280284073394,8.014439637207673,4.287367115437114,19.333333333333332,2.6053557891157184,5.083333333333333,1.378954368902449,8.333333333333334,2.015094553763188,1.0833333333333333,0.7929614610987591,2.75,1.2154310870109943,69.25,7.250391838940969,5.916666666666667,2.7122058561364044,5.083333333333333,2.2343733444579583,69.25,7.250391838940969
Performance Only,0.3,1,Low,356.7975082466152,3.708348434709002,0.0037270805006167917,0.000719686043845303,0.5286017197020121,0.10221371892166005,22.50103962060484,5.407730981923285,6.428593657746174,4.052742523342038,16.916666666666668,4.209477042305489,3.75,1.1381803659589922,9.083333333333334,2.937479851639476,0.5833333333333334,0.5149286505444373,2.0833333333333335,1.5050420310248864,70.41666666666667,4.77604502288306,4.083333333333333,2.5746432527221863,3.9166666666666665,2.353269807709857,70.41666666666667,4.77604502288306
Performance Only,0.3,1,Medium,356.99059476980545,3.729848640310714,0.0038030381171507647,0.0008341907398717517,1.0713725890500485,0.28590062417926404,14.112794558234667,8.546419593844451,4.830332315522706,3.5006024807526708,18.666666666666668,4.5792681696639,2.8333333333333335,1.9462473604038075,10.083333333333334,2.4664414311581235,0.5833333333333334,0.6685579234215214,1.8333333333333333,1.6422453217986945,71.16666666666667,6.712719721588713,5.75,3.3063300170760606,5.416666666666667,3.117642854737689,71.16666666666667,6.712719721588713
Performance Only,0.3,2,High,357.2261529360114,3.206743038907812,0.003562682633795346,0.0007555098516214614,1.542146076318638,0.43598730161458815,18.15017645609751,9.529862072874295,5.595299007893666,3.1811953125148427,16.666666666666668,3.5505014583943777,3.1666666666666665,2.0375267241229382,8.916666666666666,2.8749176536296677,0.75,0.621581560508061,1.5833333333333333,1.2401124093721456,67.58333333333333,4.962739956796839,4.583333333333333,2.8431203515386634,4.083333333333333,2.5390883594254254,67.58333333333333,4.962739956796839
Performance Only,0.3,2,Low,356.99927831703434,3.1756255013118673,0.003918884583020911,0.0006716527342531842,0.5145113995045545,0.08284504128427474,23.702989712000008,11.162231613692665,4.87921171094434,1.7832528430798908,19.666666666666668,4.119429204355498,4.833333333333333,2.443296332763787,10.583333333333334,2.2343733444579583,0.5,0.674199862463242,3.5,1.6787441193290353,68.83333333333333,8.233339467547708,4.25,3.0488447886789096,3.9166666666666665,2.6443192398846707,68.83333333333333,8.233339467547708
Performance Only,0.3,2,Medium,357.2284106733338,3.6720191237587265,0.003904041118707529,0.0007078998224719666,1.0373706346187388,0.20378064429964576,20.349537037037035,12.627172375405761,6.892542588121072,2.5445977601433865,19.25,3.333712099692528,4.0,2.593698657761292,11.0,1.8586407545691703,0.3333333333333333,0.6513389472789296,2.5,1.507556722888818,71.33333333333333,8.63747999164459,4.25,2.9886147596868655,4.166666666666667,2.8230651727682394,71.33333333333333,8.63747999164459
Performance Only,0.3,3,High,356.877912839021,3.6872731367426304,0.0038222874489667546,0.0011712825120514787,1.5945994693533743,0.5979945400291123,21.772313999325494,6.2580643534035945,5.868376682669385,2.901135920204823,19.416666666666668,5.822500764406575,4.333333333333333,2.1461734799546393,9.75,3.1079078025403053,0.5,0.674199862463242,3.25,2.0943647333651407,71.0,6.015132432608462,5.333333333333333,3.4465617474213164,5.083333333333333,3.3154825052206567,71.0,6.015132432608462
Performance Only,0.3,3,Low,355.433955116323,2.073241542873165,0.00415676777839287,0.0006155343294243357,0.56229184258164,0.10363812711475201,24.151879738095918,11.366206322247942,5.529499232850585,1.5659108419207364,20.333333333333332,2.348435972120917,4.833333333333333,2.124888588879783,10.083333333333334,2.6097137890209456,0.5833333333333334,0.7929614610987591,3.1666666666666665,1.4668044012461756,68.16666666666667,6.1026571460654955,5.416666666666667,3.2601821849074444,5.083333333333333,2.9987371079213068,68.16666666666667,6.1026571460654955
Performance Only,0.3,3,Medium,356.88465232397465,4.79309041790004,0.003933443741590729,0.0008197365675588544,1.0288602338991943,0.2479979202406492,22.375685812523994,10.520150305525293,6.252116195325061,2.769970933824789,20.416666666666668,4.055486369964728,4.833333333333333,2.72474630456533,10.416666666666666,2.314316444667973,0.4166666666666667,0.5149286505444373,3.0833333333333335,1.9752253419585197,70.83333333333333,6.264377402617458,5.166666666666667,3.2145502536643185,4.916666666666667,3.028901190901153,70.83333333333333,6.264377402617458
Performance Only,0.5,1,High,358.12997231717213,1.325215236177552,0.0031138721120138636,0.0009086161846669664,1.3529823259278844,0.4859328303332701,24.13072091282483,8.676960073175795,7.443327234150122,6.230450662617319,17.083333333333332,4.851585182997283,4.25,2.3403573930647275,4.083333333333333,2.02072594216369,2.0833333333333335,0.996204919895622,1.5,1.3142574813455419,105.75,7.174766388341344,8.75,2.632834628649924,7.0,2.215646837627989,105.75,7.174766388341344
Performance Only,0.5,1,Low,359.0889366292411,1.8000581247871839,0.00307979279897959,0.0011729727382695056,0.44412002295704683,0.16497738250014937,32.94909281751387,10.800232725694446,4.22180627428758,4.5116925760614714,16.25,5.101247619232699,5.25,2.0056737702645644,3.0833333333333335,2.5030284687057627,2.4166666666666665,0.7929614610987591,1.1666666666666667,1.337115846843043,104.66666666666667,3.7254245232976957,7.916666666666667,2.02072594216369,6.75,1.764549903980152,104.66666666666667,3.7254245232976957
Performance Only,0.5,1,Medium,358.1740594946851,2.282930500019457,0.0034601850358039975,0.0010877959821451024,0.9482900579400485,0.2914139044364729,24.38708178646259,10.810287707757873,6.106040230019185,2.7910348480166474,18.916666666666668,5.035480176314928,4.75,2.8643577734887544,5.583333333333333,2.6097137890209456,1.8333333333333333,0.8348471099367217,1.8333333333333333,1.3371158468430429,105.91666666666667,5.648142628467801,8.583333333333334,2.4293034292807376,7.416666666666667,2.1514618004482156,105.91666666666667,5.648142628467801
Performance Only,0.5,2,High,359.2316156690529,1.83892214569138,0.003285616950516394,0.0010156571792160184,1.304371682601292,0.4898970405218484,25.249783963599754,11.244766437651926,4.636786699349757,3.2815630040830426,17.583333333333332,4.399552318822973,4.5,2.1105794120443453,5.666666666666667,3.1718458443950364,1.5833333333333333,0.90033663737852,1.9166666666666667,1.378954368902449,107.83333333333333,6.307763374436203,7.416666666666667,2.539088359425425,6.416666666666667,2.193309385519074,107.83333333333333,6.307763374436203
Performance Only,0.5,2,Low,357.8494266532621,3.3056034917464676,0.0033770428511352393,0.0012393284827266718,0.47604114703692146,0.1692561976335452,26.44201209418601,8.232579408928334,5.035473165979393,3.490483004535032,18.583333333333332,6.44498865692398,5.0,2.4120907566221086,4.583333333333333,3.1754264805429413,2.0,1.044465935734187,1.5,1.381698559415515,102.58333333333333,4.621261798043974,9.0,3.464101615137755,7.75,2.9886147596868655,102.58333333333333,4.621261798043974
Performance Only,0.5,2,Medium,357.74752037934667,2.2744142122636193,0.003420537571042914,0.001096806923194966,0.9410175472935878,0.3138972248202877,26.0086498311136,11.626052863781567,6.014085149664152,3.6603269004106838,19.0,5.846521887568555,5.25,3.333712099692528,5.0,2.486326242032244,2.0,0.8528028654224418,2.3333333333333335,2.0150945537631877,108.41666666666667,6.788470618138765,8.75,3.3063300170760606,7.083333333333333,2.6097137890209456,108.41666666666667,6.788470618138765
Performance Only,0.5,3,High,358.37018165578434,1.7901265337483323,0.0028385470571622284,0.001147390227392726,1.096674707578751,0.5197442459762628,17.620602307908808,10.817265821440467,3.079535641911113,3.024048850684764,18.25,4.5151260930746595,3.5,2.393172105652397,3.25,2.378884383296277,2.4166666666666665,0.6685579234215214,0.9166666666666666,0.9962049198956219,108.0,5.169842621131976,11.5,2.393172105652397,9.666666666666666,2.229281716090851,108.0,5.169842621131976
Performance Only,0.5,3,Low,357.7733107207791,1.7370604054558967,0.0032871756175364476,0.0011632999763927765,0.4579287684615793,0.18215098902859503,32.48327456632747,13.08862496026437,4.239465378355739,2.946941369927558,17.416666666666668,4.601547829181222,5.666666666666667,2.964435660944388,5.0,3.219260219931959,1.75,0.9653072991634227,2.5,2.2763607319179844,105.5,7.166842844909911,6.75,2.927145677649443,5.5,2.195035721390843,105.5,7.166842844909911
Performance Only,0.5,3,Medium,358.45443154838136,2.101443120921434,0.0029893618517544598,0.0011198388953443852,0.7990613572618934,0.3286978172915875,27.78760115157174,10.16822008937544,4.012303869044853,4.146948459669936,16.5,4.738622738153508,4.666666666666667,2.49848438906955,5.166666666666667,3.186144245246149,1.8333333333333333,0.9374368665610922,1.25,1.2880570286640685,106.91666666666667,6.788470618138768,6.666666666666667,3.08466392256134,5.75,2.9271456776494436,106.91666666666667,6.788470618138768
Proposed Failure-Aware Carbon,0.0,1,High,26.380952380952383,0.0,0.002824074074074074,0.0,1.1719444444444445,0.0,0.0,0.0,0.0,0.0,12.0,0.0,0.0,0.0,12.0,0.0,0.0,0.0,0.0,0.0,0.0,0.0,0.0,0.0,0.0,0.0,0.0,0.0
Proposed Failure-Aware Carbon,0.0,1,Low,26.380952380952383,0.0,0.002824074074074074,0.0,0.39064814814814813,0.0,0.0,0.0,0.0,0.0,12.0,0.0,0.0,0.0,12.0,0.0,0.0,0.0,0.0,0.0,0.0,0.0,0.0,0.0,0.0,0.0,0.0,0.0
Proposed Failure-Aware Carbon,0.0,1,Medium,26.380952380952383,0.0,0.002824074074074074,0.0,0.7812962962962963,0.0,0.0,0.0,0.0,0.0,12.0,0.0,0.0,0.0,12.0,0.0,0.0,0.0,0.0,0.0,0.0,0.0,0.0,0.0,0.0,0.0,0.0,0.0
Proposed Failure-Aware Carbon,0.0,2,High,25.5952380952381,0.0,0.0026304232804232803,0.0,0.919468253968254,0.0,0.0,0.0,0.0,0.0,12.0,0.0,0.0,0.0,12.0,0.0,0.0,0.0,0.0,0.0,0.0,0.0,0.0,0.0,0.0,0.0,0.0,0.0
Proposed Failure-Aware Carbon,0.0,2,Low,25.5952380952381,0.0,0.0026304232804232803,0.0,0.30648941798941803,0.0,0.0,0.0,0.0,0.0,12.0,0.0,0.0,0.0,12.0,0.0,0.0,0.0,0.0,0.0,0.0,0.0,0.0,0.0,0.0,0.0,0.0,0.0
Proposed Failure-Aware Carbon,0.0,2,Medium,25.5952380952381,0.0,0.0026304232804232803,0.0,0.6129788359788361,0.0,0.0,0.0,0.0,0.0,12.0,0.0,0.0,0.0,12.0,0.0,0.0,0.0,0.0,0.0,0.0,0.0,0.0,0.0,0.0,0.0,0.0,0.0
Proposed Failure-Aware Carbon,0.0,3,High,25.5952380952381,0.0,0.0026304232804232803,0.0,0.919468253968254,0.0,0.0,0.0,0.0,0.0,12.0,0.0,0.0,0.0,12.0,0.0,0.0,0.0,0.0,0.0,0.0,0.0,0.0,0.0,0.0,0.0,0.0,0.0
Proposed Failure-Aware Carbon,0.0,3,Low,25.5952380952381,0.0,0.0026304232804232803,0.0,0.30648941798941803,0.0,0.0,0.0,0.0,0.0,12.0,0.0,0.0,0.0,12.0,0.0,0.0,0.0,0.0,0.0,0.0,0.0,0.0,0.0,0.0,0.0,0.0,0.0
Proposed Failure-Aware Carbon,0.0,3,Medium,25.5952380952381,0.0,0.0026304232804232803,0.0,0.6129788359788361,0.0,0.0,0.0,0.0,0.0,12.0,0.0,0.0,0.0,12.0,0.0,0.0,0.0,0.0,0.0,0.0,0.0,0.0,0.0,0.0,0.0,0.0,0.0
Proposed Failure-Aware Carbon,0.1,1,High,349.3248300721266,17.353980818258627,0.0033880853295733624,0.0003549662465880149,1.3906317239445822,0.2464192742756379,12.592880438275175,5.822974724850747,6.99373389932968,4.004373401572791,14.583333333333334,1.8319554050414568,1.8333333333333333,0.8348471099367218,11.666666666666666,1.1547005383792515,0.08333333333333333,0.28867513459481287,1.25,0.7537783614444091,23.25,4.55521678957215,1.0833333333333333,1.3113721705515067,1.0,1.3483997249264843,23.25,4.55521678957215
Proposed Failure-Aware Carbon,0.1,1,Low,350.1744393636477,9.838550310391305,0.003277148680424814,0.0002664277448425292,0.46702653259660387,0.06381790191986303,6.667811355311355,7.839328958405408,2.331349206349206,2.5162596263417933,14.083333333333334,1.5642792899510296,1.0,1.2060453783110545,12.0,0.0,0.0,0.0,1.0,1.2060453783110545,24.583333333333332,3.9876703915337774,1.0833333333333333,1.3113721705515067,1.0833333333333333,1.3113721705515067,24.583333333333332,3.9876703915337774
Proposed Failure-Aware Carbon,0.1,1,Medium,343.6824519480115,17.081794018600068,0.003472421392771249,0.00020628759874061312,0.982402972295712,0.11030534311065449,8.837535014005603,7.1402902361534215,3.7569444444444446,2.9669964410482335,14.833333333333334,0.8348471099367217,1.3333333333333333,1.0730867399773196,12.0,0.0,0.0,0.0,1.25,1.0552897060221726,25.333333333333332,4.141438777950865,1.5,1.0,1.5,1.0,25.333333333333332,4.141438777950865
Proposed Failure-Aware Carbon,0.1,2,High,336.7923444164371,22.567657945326403,0.0029283011091879654,0.0002695347546613531,1.021801690262197,0.1078315575293555,5.645985958485959,6.890600792059952,3.239087301587302,3.506562663548511,13.75,1.2880570286640682,0.8333333333333334,1.0298573010888745,12.0,0.0,0.0,0.0,0.75,0.8660254037844386,22.833333333333332,4.764133677487409,0.9166666666666666,0.90033663737852,0.9166666666666666,0.90033663737852,22.833333333333332,4.764133677487409
Proposed Failure-Aware Carbon,0.1,2,Low,349.72235216797526,9.349604585986587,0.002908340015958846,0.00028068434593503014,0.3321351241912219,0.03549899163519989,5.43529591323709,7.193317390553539,2.6175595238095237,2.997398597474798,13.75,1.602554778527654,0.8333333333333334,1.1934162828797101,12.0,0.0,0.0,0.0,0.8333333333333334,1.1934162828797101,25.333333333333332,3.1430539096216403,0.9166666666666666,0.90033663737852,0.9166666666666666,0.90033663737852,25.333333333333332,3.1430539096216403
Proposed Failure-Aware Carbon,0.1,2,Medium,349.0638567963072,10.194608516285733,0.0030507583274497086,0.0002752643637412875,0.7126851596082334,0.09691644201340564,8.935821123321123,7.7370866784795425,5.069849855256729,4.758911885061364,14.333333333333334,1.230914909793328,1.3333333333333333,1.2309149097933274,12.0,0.0,0.0,0.0,1.1666666666666667,1.0298573010888745,24.5,3.9657625656704063,1.0,1.044465935734187,1.0,1.044465935734187,24.5,3.9657625656704063
Proposed Failure-Aware Carbon,0.1,3,High,346.0320727133442,16.37617772830419,0.0031103373936645848,0.0004973874892675949,1.0766940855486247,0.23027386005726477,7.329187016687016,7.5723677487572685,4.370701058201059,3.4810532754001864,14.5,2.611164839335467,1.1666666666666667,1.2673044646258473,12.0,0.0,0.0,0.0,1.0,0.9534625892455924,24.5,3.5032452487268535,1.3333333333333333,2.059714602177749,1.3333333333333333,2.059714602177749,24.5,3.5032452487268535
Proposed Failure-Aware Carbon,0.1,3,Low,346.4080726865008,11.519288603201522,0.003172745530266003,0.0002898900421174766,0.37179496476537216,0.03265616537966709,10.676017201752495,7.369699933803519,4.813898749066216,2.6817286354000536,15.166666666666666,2.2087978356535665,1.6666666666666667,1.2309149097933274,12.0,0.0,0.0,0.0,1.5,1.087114613009218,25.833333333333332,3.9273709303097957,1.5,1.9771421064483223,1.5,1.9771421064483223,25.833333333333332,3.9273709303097957
Proposed Failure-Aware Carbon,0.1,3,Medium,349.6080381940019,11.504787657575532,0.0030313567379847846,0.0002711187923217796,0.6894940110385298,0.0855765008998856,7.7496693121693125,6.157635132512398,3.9169111055024484,2.699137284718986,14.416666666666666,1.7298624923456323,1.1666666666666667,0.937436866561092,12.0,0.0,0.0,0.0,1.1666666666666667,0.937436866561092,25.166666666666668,3.40676688460784,1.25,1.4222261679238195,1.25,1.4222261679238195,25.166666666666668,3.40676688460784
Proposed Failure-Aware Carbon,0.3,1,High,357.9282700046565,3.5242937460277384,0.004224048427968176,0.0007893743064344097,1.8446320732536388,0.4597419079211552,27.46210174775594,9.314392047497217,7.063970284906936,2.0949805569919224,19.333333333333332,2.994945236510506,5.25,1.7645499039801522,8.916666666666666,2.6097137890209456,0.9166666666666666,0.90033663737852,2.8333333333333335,1.0298573010888745,69.25,7.250391838940969,5.166666666666667,2.4802248187442912,4.833333333333333,2.167249338901663,69.25,7.250391838940969
Proposed Failure-Aware Carbon,0.3,1,Low,356.7975082466152,3.708348434709002,0.0038396174234862006,0.000542498722572191,0.5351747768478116,0.07611516312945345,18.304820380596055,4.927502721511659,6.681180123603883,2.915277748263531,18.083333333333332,3.1176428547376895,3.25,0.7537783614444091,10.333333333333334,2.7413776673693673,0.3333333333333333,0.4923659639173309,2.1666666666666665,1.0298573010888745,70.41666666666667,4.77604502288306,4.5,2.3159525823376357,4.416666666666667,2.2746961169005466,70.41666666666667,4.77604502288306
Proposed Failure-Aware Carbon,0.3,1,Medium,356.99059476980545,3.729848640310714,0.0038282693516878455,0.0009097592921184929,1.0759009809306461,0.31936258044602317,14.435969920883714,8.818275545869586,4.987673360844015,3.64559159077626,18.833333333333332,4.8021459849327846,3.0,2.132007163556104,10.0,2.486326242032244,0.5833333333333334,0.6685579234215214,2.0833333333333335,1.8319554050414562,71.16666666666667,6.712719721588713,5.833333333333333,3.0698929011029725,5.583333333333333,2.9374798516394764,71.16666666666667,6.712719721588713
Proposed Failure-Aware Carbon,0.3,2,High,357.2261529360114,3.206743038907812,0.0035110518649545002,0.0009279168924590631,1.3232279447054291,0.49132408463589283,20.621055930653455,10.558203405486383,6.277637282450191,3.9084975342015036,17.0,3.592922335521728,3.6666666666666665,2.3484359721209165,9.583333333333334,2.937479851639476,0.5833333333333334,0.6685579234215214,2.0,1.348399724926484,67.58333333333333,4.962739956796839,3.75,2.2207697273283835,3.5,2.0670576365276494,67.58333333333333,4.962739956796839
Proposed Failure-Aware Carbon,0.3,2,Low,356.99927831703434,3.1756255013118673,0.004098691146607151,0.0007160160581065567,0.45131430623857133,0.12228159874904627,25.116585469913645,11.53953806919709,6.9432129995220775,1.8940723938914303,20.083333333333332,3.8009169547583763,5.25,2.6671401094873817,11.416666666666666,1.0836246694508316,0.25,0.4522670168666455,4.0,1.9069251784911847,68.83333333333333,8.233339467547708,3.4166666666666665,2.539088359425425,3.3333333333333335,2.49848438906955,68.83333333333333,8.233339467547708
Proposed Failure-Aware Carbon,0.3,2,Medium,357.2284106733338,3.6720191237587265,0.0037114974744671347,0.0007914260034048259,0.8410606230907068,0.21784323100972464,24.00841012733596,9.935347468550184,7.265269545918376,2.6580230076415314,17.916666666666668,3.7769235516689394,4.25,1.864744681524183,10.5,2.3931721056523965,0.3333333333333333,0.4923659639173309,2.75,1.3568010505999362,71.33333333333333,8.63747999164459,3.1666666666666665,2.367712103711219,3.1666666666666665,2.367712103711219,71.33333333333333,8.63747999164459
Proposed Failure-Aware Carbon,0.3,3,High,356.877912839021,3.6872731367426304,0.0039403078233419585,0.0007177434966350733,1.3214939898119218,0.37304038879649093,24.95401410787903,9.439193710252738,7.719917390097099,4.137217617518721,19.666666666666668,3.7009417310962482,4.916666666666667,2.3532698077098573,10.5,2.467976720090587,0.4166666666666667,0.6685579234215215,3.25,1.6583123951776997,71.0,6.015132432608462,4.25,2.800162332956625,4.0,2.6628760937957834,71.0,6.015132432608462
Proposed Failure-Aware Carbon,0.3,3,Low,355.433955116323,2.073241542873165,0.0037852428101263214,0.0009957909894218067,0.4024242850482182,0.12174019235891786,24.0975327348269,10.512668477851989,5.749493844681013,2.498409850966478,19.166666666666668,4.951277765905637,4.75,2.6671401094873817,10.0,2.449489742783178,0.5833333333333334,0.6685579234215214,3.1666666666666665,1.9462473604038073,68.16666666666667,6.1026571460654955,4.416666666666667,2.7455197664338145,4.166666666666667,2.855085839605379,68.16666666666667,6.1026571460654955
Proposed Failure-Aware Carbon,0.3,3,Medium,356.88465232397465,4.79309041790004,0.003728080030270352,0.0008778910801095256,0.7878155177822931,0.18185192964059324,24.361887710958914,7.13396589029678,6.379170949433853,3.0422017912675567,18.666666666666668,4.599077641388016,4.666666666666667,2.0150945537631877,10.666666666666666,3.200378765462651,0.3333333333333333,0.6513389472789297,3.1666666666666665,1.80067327475704,70.83333333333333,6.264377402617458,3.3333333333333335,2.059714602177749,3.1666666666666665,1.8989630344113089,70.83333333333333,6.264377402617458
Proposed Failure-Aware Carbon,0.5,1,High,358.12997231717213,1.325215236177552,0.003310601894355673,0.0009548666147569853,1.3900792461611091,0.4845215567571868,26.836059493718665,8.25650708703054,7.2986761373988465,5.819986521728367,18.083333333333332,5.247654598759221,4.916666666666667,2.1933093855190746,4.083333333333333,2.391588796113782,2.3333333333333335,0.8876253645985945,1.5,1.3142574813455419,105.75,7.174766388341344,9.083333333333334,2.391588796113782,7.333333333333333,2.461829819586655,105.75,7.174766388341344
Proposed Failure-Aware Carbon,0.5,1,Low,359.0889366292411,1.8000581247871839,0.0031714988980950432,0.0009610725821664452,0.4583509159805222,0.15845339710516793,32.46370112372434,13.07610255123185,3.591361720099543,3.444387112597517,16.25,3.9109403658780773,5.166666666666667,2.208797835653566,3.5,2.5045413298101655,2.3333333333333335,1.0730867399773196,1.1666666666666667,1.337115846843043,104.66666666666667,3.7254245232976957,7.583333333333333,1.8809249819912508,6.5,1.5075567228888183,104.66666666666667,3.7254245232976957
Proposed Failure-Aware Carbon,0.5,1,Medium,358.1740594946851,2.282930500019457,0.0032810537377180836,0.0010309535862482067,0.8724775095426188,0.27907411588591297,23.258891743465245,8.262271910358125,5.937771654118618,2.381709848529226,18.0,4.935953440181174,4.333333333333333,2.6400183654090306,5.833333333333333,2.5524794837866014,1.6666666666666667,0.6513389472789296,1.8333333333333333,1.403458930534474,105.91666666666667,5.648142628467801,7.833333333333333,2.3290003057626296,6.666666666666667,1.9227505550564004,105.91666666666667,5.648142628467801
Proposed Failure-Aware Carbon,0.5,2,High,359.2316156690529,1.83892214569138,0.0033596118327778647,0.0010945751466366505,1.2157494950381997,0.4648482002400811,22.17059718984028,9.341210429107878,6.367105635100824,4.6123204554618304,19.0,5.656854249492381,4.416666666666667,2.3532698077098573,5.75,3.0488447886789096,1.8333333333333333,0.8348471099367218,1.9166666666666667,1.5050420310248864,107.83333333333333,6.307763374436203,8.833333333333334,2.79067711996189,7.333333333333333,2.605355789115719,107.83333333333333,6.307763374436203
Proposed Failure-Aware Carbon,0.5,2,Low,357.8494266532621,3.3056034917464676,0.0033924506616305823,0.0012266288129757757,0.4030227166232671,0.12610326055256954,29.746594869138278,14.470418915683604,6.6740965952773275,4.112509415632589,19.416666666666668,5.615859576937336,5.916666666666667,3.088345639315455,5.333333333333333,3.7739136506316946,2.0,1.2060453783110545,2.0833333333333335,1.5050420310248864,102.58333333333333,4.621261798043974,8.166666666666666,4.174235549683609,6.75,3.6212755161180943,102.58333333333333,4.621261798043974
Proposed Failure-Aware Carbon,0.5,2,Medium,357.74752037934667,2.2744142122636193,0.0035907366839990546,0.0012015368880440966,0.9418726297182873,0.3186221949356147,27.63649829773018,12.270257149984767,5.772513535329671,2.4909285340363057,19.25,5.545268253204709,5.5,3.3439225741362772,5.333333333333333,3.420083288016492,2.0833333333333335,1.0836246694508318,2.1666666666666665,1.7494587907710375,108.41666666666667,6.788470618138765,8.416666666666666,2.0207259421636903,7.166666666666667,1.5859229221975177,108.41666666666667,6.788470618138765
Proposed Failure-Aware Carbon,0.5,3,High,358.37018165578434,1.7901265337483323,0.0027767760282505004,0.001090877315103279,0.909422682895236,0.38201255386232486,22.168033667436347,13.560337678931504,5.012351333608427,4.321364040471476,16.916666666666668,4.420167280531222,3.8333333333333335,3.0698929011029725,4.333333333333333,3.845501110112801,2.0,0.9534625892455924,1.0833333333333333,1.164500152881315,108.0,5.169842621131976,8.75,3.30633001707606,7.416666666666667,2.6097137890209456,108.0,5.169842621131976
Proposed Failure-Aware Carbon,0.5,3,Low,357.7733107207791,1.7370604054558967,0.003165623020793243,0.001300402922704009,0.37227371290452854,0.2625095406163324,33.567019400352734,17.511791839904863,5.229867044389928,3.690719868205821,17.333333333333332,6.2861078192432815,5.416666666666667,3.028901190901153,5.166666666666667,2.6227443411030134,1.6666666666666667,0.778498944161523,2.25,1.9598237397554634,105.5,7.166842844909911,6.75,5.4958662151243685,5.833333333333333,4.764133677487409,105.5,7.166842844909911
Proposed Failure-Aware Carbon,0.5,3,Medium,358.45443154838136,2.101443120921434,0.002721932465825897,0.0010369083369919862,0.555967677675996,0.1906507801202365,23.332838185779362,11.132485378468187,6.339061464556493,4.216841009396137,15.5,4.421024151195574,3.75,2.41679727964699,5.5,3.8494391563163872,1.5,0.7977240352174656,1.5,1.4459976109624424,106.91666666666667,6.788470618138768,6.25,1.9128750375000736,5.25,1.4847711791873706,106.91666666666667,6.788470618138768
Round Robin,0.0,1,High,27.30952380952381,0.0,0.0033478835978835984,0.0,1.7514087301587302,0.0,0.0,0.0,0.0,0.0,12.0,0.0,0.0,0.0,12.0,0.0,0.0,0.0,0.0,0.0,0.0,0.0,0.0,0.0,0.0,0.0,0.0,0.0
Round Robin,0.0,1,Low,27.30952380952381,0.0,0.0033478835978835984,0.0,0.5838029100529101,0.0,0.0,0.0,0.0,0.0,12.0,0.0,0.0,0.0,12.0,0.0,0.0,0.0,0.0,0.0,0.0,0.0,0.0,0.0,0.0,0.0,0.0,0.0
Round Robin,0.0,1,Medium,27.30952380952381,0.0,0.0033478835978835984,0.0,1.1676058201058201,0.0,0.0,0.0,0.0,0.0,12.0,0.0,0.0,0.0,12.0,0.0,0.0,0.0,0.0,0.0,0.0,0.0,0.0,0.0,0.0,0.0,0.0,0.0
Round Robin,0.0,2,High,27.30952380952381,0.0,0.0033478835978835984,0.0,1.7514087301587302,0.0,0.0,0.0,0.0,0.0,12.0,0.0,0.0,0.0,12.0,0.0,0.0,0.0,0.0,0.0,0.0,0.0,0.0,0.0,0.0,0.0,0.0,0.0
Round Robin,0.0,2,Low,27.30952380952381,0.0,0.0033478835978835984,0.0,0.5838029100529101,0.0,0.0,0.0,0.0,0.0,12.0,0.0,0.0,0.0,12.0,0.0,0.0,0.0,0.0,0.0,0.0,0.0,0.0,0.0,0.0,0.0,0.0,0.0
Round Robin,0.0,2,Medium,27.30952380952381,0.0,0.0033478835978835984,0.0,1.1676058201058201,0.0,0.0,0.0,0.0,0.0,12.0,0.0,0.0,0.0,12.0,0.0,0.0,0.0,0.0,0.0,0.0,0.0,0.0,0.0,0.0,0.0,0.0,0.0
Round Robin,0.0,3,High,27.30952380952381,0.0,0.0033478835978835984,0.0,1.7514087301587302,0.0,0.0,0.0,0.0,0.0,12.0,0.0,0.0,0.0,12.0,0.0,0.0,0.0,0.0,0.0,0.0,0.0,0.0,0.0,0.0,0.0,0.0,0.0
Round Robin,0.0,3,Low,27.30952380952381,0.0,0.0033478835978835984,0.0,0.5838029100529101,0.0,0.0,0.0,0.0,0.0,12.0,0.0,0.0,0.0,12.0,0.0,0.0,0.0,0.0,0.0,0.0,0.0,0.0,0.0,0.0,0.0,0.0,0.0
Round Robin,0.0,3,Medium,27.30952380952381,0.0,0.0033478835978835984,0.0,1.1676058201058201,0.0,0.0,0.0,0.0,0.0,12.0,0.0,0.0,0.0,12.0,0.0,0.0,0.0,0.0,0.0,0.0,0.0,0.0,0.0,0.0,0.0,0.0,0.0
Round Robin,0.1,1,High,349.3248300721266,17.353980818258627,0.004013048167024015,0.0005026129177144354,2.0605027216978216,0.3065649955429242,10.138185616126792,6.03957334204416,8.80469518883907,4.730080954028601,15.0,1.6514456476895407,1.5833333333333333,1.0836246694508316,12.0,0.0,0.0,0.0,1.1666666666666667,0.5773502691896258,23.25,4.55521678957215,1.4166666666666667,1.0836246694508318,1.4166666666666667,1.0836246694508318,23.25,4.55521678957215
Round Robin,0.1,1,Low,350.1744393636477,9.838550310391305,0.003726244160846317,0.000319244461322446,0.628040389666939,0.055872747240857376,6.045145622351505,6.946317165609371,2.854196498138196,3.1098718676241743,14.25,1.4847711791873706,0.9166666666666666,1.0836246694508318,12.0,0.0,0.0,0.0,0.9166666666666666,1.0836246694508318,24.583333333333332,3.9876703915337774,1.3333333333333333,1.1547005383792515,1.3333333333333333,1.1547005383792515,24.583333333333332,3.9876703915337774
Round Robin,0.1,1,Medium,343.6824519480115,17.081794018600068,0.003940417705298874,0.0004492655875887397,1.3106678442317514,0.15855231791311455,8.816373040444248,6.96289426601252,4.531056567827064,3.910763671859455,15.333333333333334,1.7232808737106582,1.4166666666666667,1.1645001528813148,12.0,0.0,0.0,0.0,1.3333333333333333,1.1547005383792515,25.333333333333332,4.141438777950865,1.9166666666666667,1.2401124093721454,1.9166666666666667,1.2401124093721454,25.333333333333332,4.141438777950865
Round Robin,0.1,2,High,336.7923444164371,22.567657945326403,0.0037353638066234315,0.00047927976299304075,1.923846137205106,0.36397335242624,6.062652625152626,5.848395110958505,3.1296422876939314,2.997903480893365,13.916666666666666,1.6764862244009224,0.9166666666666666,0.90033663737852,12.0,0.0,0.0,0.0,0.9166666666666666,0.90033663737852,22.833333333333332,4.764133677487409,1.0,1.044465935734187,1.0,1.044465935734187,22.833333333333332,4.764133677487409
Round Robin,0.1,2,Low,349.72235216797526,9.349604585986587,0.0036014175695016255,0.0004264099888836451,0.5860594949670908,0.10537612499350095,5.231750819986114,7.919970367311414,2.401041666666667,2.6736267265698777,14.166666666666666,1.7494587907710375,0.8333333333333334,1.403458930534474,12.0,0.0,0.0,0.0,0.75,1.1381803659589922,25.333333333333332,3.1430539096216403,1.3333333333333333,1.1547005383792515,1.3333333333333333,1.1547005383792515,25.333333333333332,3.1430539096216403
Round Robin,0.1,2,Medium,349.0638567963072,10.194608516285733,0.003961793936715322,0.0005378529021755394,1.3450711088533713,0.2715557054193466,9.795654372860255,7.542184570790686,5.288994596642952,3.5578822998224076,15.166666666666666,1.80067327475704,1.5833333333333333,1.3113721705515065,12.0,0.0,0.0,0.0,1.3333333333333333,1.0730867399773196,24.5,3.9657625656704063,1.5833333333333333,0.9962049198956219,1.5833333333333333,0.9962049198956219,24.5,3.9657625656704063
Round Robin,0.1,3,High,346.0320727133442,16.37617772830419,0.003979836444665588,0.0006352300637109482,2.0113992630494897,0.49231618711243963,8.556440119907611,7.435710617578291,4.931633113393926,3.4993478325188856,15.25,2.4908925016036827,1.4166666666666667,1.3113721705515065,12.0,0.0,0.0,0.0,1.25,1.0552897060221726,24.5,3.5032452487268535,1.8333333333333333,1.7494587907710375,1.8333333333333333,1.7494587907710375,24.5,3.5032452487268535
Round Robin,0.1,3,Low,346.4080726865008,11.519288603201522,0.004010523770246819,0.00038137880490869734,0.7098465967971932,0.11294393689342383,9.859899087840263,5.6604182252095425,5.674419611094684,3.97566377223398,14.833333333333334,1.6422453217986943,1.5,0.9045340337332909,12.0,0.0,0.0,0.0,1.4166666666666667,0.90033663737852,25.833333333333332,3.9273709303097957,1.3333333333333333,1.3706888336846839,1.3333333333333333,1.3706888336846839,25.833333333333332,3.9273709303097957
Round Robin,0.1,3,Medium,349.6080381940019,11.504787657575532,0.003844904325459713,0.00046126725408769344,1.247335132908835,0.2131264404613801,10.968039993775287,5.933238839305401,5.208432036138807,2.8159021163630147,15.25,1.7122552910761242,1.6666666666666667,0.8876253645985945,11.666666666666666,1.154700538379252,0.08333333333333333,0.2886751345948129,1.5,0.9999999999999999,25.166666666666668,3.40676688460784,1.9166666666666667,1.4433756729740645,1.9166666666666667,1.4433756729740645,25.166666666666668,3.40676688460784
Round Robin,0.3,1,High,357.9282700046565,3.5242937460277384,0.004215169577731452,0.0010315761158862062,2.0119588981468595,0.5156593709026134,22.192779402209226,8.603240506141383,6.6188317800838945,3.9154629475569918,19.333333333333332,5.773502691896257,4.083333333333333,1.5642792899510296,8.916666666666666,2.9987371079213068,0.75,0.753778361444409,2.0833333333333335,1.3113721705515067,69.25,7.250391838940969,6.333333333333333,3.420083288016492,5.75,3.360871099202489,69.25,7.250391838940969
Round Robin,0.3,1,Low,356.7975082466152,3.708348434709002,0.004218185189905869,0.0006284996729984804,0.6773685750447593,0.07743837284852241,22.772535914950776,7.090837690894962,6.550308614431597,1.204487268547991,18.583333333333332,4.166060561977059,4.083333333333333,1.0836246694508318,8.833333333333334,3.010084062049773,0.8333333333333334,0.5773502691896257,2.6666666666666665,1.0730867399773196,70.41666666666667,4.77604502288306,5.666666666666667,2.7413776673693677,5.25,2.598076211353316,70.41666666666667,4.77604502288306
Round Robin,0.3,1,Medium,356.99059476980545,3.729848640310714,0.004337701828252349,0.0008180679743583115,1.3636009591563363,0.2937164892326882,18.439304992775064,8.23262506376971,7.157651759917066,2.356837323311159,20.416666666666668,3.4761089357690347,3.75,1.712255291076124,9.5,2.6457513110645907,0.5833333333333334,0.5149286505444373,2.5,0.9045340337332909,71.16666666666667,6.712719721588713,7.166666666666667,2.516611478423583,6.833333333333333,2.5524794837866014,71.16666666666667,6.712719721588713
Round Robin,0.3,2,High,357.2261529360114,3.206743038907812,0.004479157115002145,0.0005886566515157705,2.2449325742481583,0.46518799820575246,17.10949657640834,8.095669250265896,7.258022238203292,4.158004319524763,18.666666666666668,2.229281716090851,3.25,1.7122552910761237,9.833333333333334,2.124888588879783,0.6666666666666666,0.6513389472789296,1.75,1.0552897060221726,67.58333333333333,4.962739956796839,5.583333333333333,1.8319554050414564,5.166666666666667,1.642245321798694,67.58333333333333,4.962739956796839
Round Robin,0.3,2,Low,356.99927831703434,3.1756255013118673,0.004206451832734927,0.0009736144286170397,0.6163255693226481,0.18954921043970901,22.910654929516824,12.140453158362345,7.612761169359325,2.086707972486931,19.416666666666668,3.0883456393154556,4.583333333333333,2.6784776318353725,9.833333333333334,2.4802248187442912,0.5833333333333334,0.6685579234215215,2.9166666666666665,1.729862492345632,68.83333333333333,8.233339467547708,5.0,2.174229226018436,4.75,2.0943647333651407,68.83333333333333,8.233339467547708
Round Robin,0.3,2,Medium,357.2284106733338,3.6720191237587265,0.0043110991612004676,0.001098488792906921,1.3600686268844389,0.4457131445321125,19.222132593069123,10.62081941112621,7.400479199934606,4.195323706488611,18.583333333333332,3.91868097783688,3.5833333333333335,1.97522534195852,9.666666666666666,2.3094010767585034,0.5833333333333334,0.5149286505444373,2.1666666666666665,1.1934162828797101,71.33333333333333,8.63747999164459,5.333333333333333,2.309401076758503,4.916666666666667,2.314316444667973,71.33333333333333,8.63747999164459
Round Robin,0.3,3,High,356.877912839021,3.6872731367426304,0.00416780891844229,0.0010862904701410684,1.8911006433482391,0.48482535730489223,19.932655279017506,9.506882812376592,7.662206088432231,3.9879240348785934,18.916666666666668,4.888917584856095,3.9166666666666665,2.5030284687057627,8.583333333333334,2.9682665076785244,0.8333333333333334,0.7177405625652734,2.1666666666666665,1.5859229221975182,71.0,6.015132432608462,6.416666666666667,3.028901190901153,5.75,2.8324419275118906,71.0,6.015132432608462
Round Robin,0.3,3,Low,355.433955116323,2.073241542873165,0.004223117716398022,0.0012696977277370796,0.64809540463936,0.2673235786252797,19.618433037550684,10.538755276138353,6.414081175556344,2.740434106406858,18.75,4.048007366144933,3.5833333333333335,1.880924981991251,9.666666666666666,2.774341308665842,0.5,0.5222329678670935,2.3333333333333335,1.7232808737106584,68.16666666666667,6.1026571460654955,5.5,2.8762349126466136,5.25,2.7675062617979584,68.16666666666667,6.1026571460654955
Round Robin,0.3,3,Medium,356.88465232397465,4.79309041790004,0.004705715172767698,0.0006868622499647555,1.501464564408364,0.32600216765279216,20.06320904919303,6.851465122075282,7.647695809512258,1.7415044841920317,20.833333333333332,3.099364548751987,4.166666666666667,1.337115846843043,10.416666666666666,1.8319554050414564,0.5833333333333334,0.6685579234215215,2.75,1.2154310870109941,70.83333333333333,6.264377402617458,6.25,3.048844788678909,6.0,2.9232609437842774,70.83333333333333,6.264377402617458
Round Robin,0.5,1,High,358.12997231717213,1.325215236177552,0.003123665195654051,0.0008307662159726732,1.4581937885097194,0.3976838085262182,25.253922419170095,12.947787238135486,4.9106281114413575,4.263136500803542,16.833333333333332,5.254146991287986,4.166666666666667,2.3290003057626296,3.8333333333333335,2.5166114784235836,2.1666666666666665,0.9374368665610922,1.3333333333333333,1.1547005383792515,105.75,7.174766388341344,8.833333333333334,3.761849963982502,7.0,3.4641016151377544,105.75,7.174766388341344
Round Robin,0.5,1,Low,359.0889366292411,1.8000581247871839,0.0037732560294485595,0.0009987527828931057,0.5826468256094001,0.17336586118812503,25.546171823345734,12.302215431015135,6.725647662071164,5.177825559610617,18.416666666666668,4.581749037477308,4.75,2.454124543035107,4.916666666666667,1.9286515936521478,2.0,0.8528028654224417,1.6666666666666667,1.3706888336846839,104.66666666666667,3.7254245232976957,8.75,2.490892501603683,7.583333333333333,1.7816403745544227,104.66666666666667,3.7254245232976957
Round Robin,0.5,1,Medium,358.1740594946851,2.282930500019457,0.003178260733274107,0.0007680692812064649,0.9241444314109017,0.20209153782415748,26.209803232829547,13.91282278403382,3.900297619047619,3.5459636207439087,16.916666666666668,3.8484550225520455,4.583333333333333,2.8749176536296677,4.166666666666667,2.367712103711219,2.0833333333333335,0.996204919895622,1.5,1.5666989036012806,105.91666666666667,5.648142628467801,8.166666666666666,2.167249338901663,6.833333333333333,1.80067327475704,105.91666666666667,5.648142628467801
Round Robin,0.5,2,High,359.2316156690529,1.83892214569138,0.004290552597820702,0.0014349422861118391,1.928163924659283,0.7617717116229977,21.042972240082666,8.054889027440327,6.637798924209957,3.3782463732915273,22.583333333333332,5.8068663640294815,4.833333333333333,2.2896340848319503,6.583333333333333,3.91868097783688,1.9166666666666667,1.3113721705515067,2.4166666666666665,1.6764862244009227,107.83333333333333,6.307763374436203,11.166666666666666,3.2706222186259444,9.833333333333334,2.886751345948129,107.83333333333333,6.307763374436203
Round Robin,0.5,2,Low,357.8494266532621,3.3056034917464676,0.003730878287343356,0.001087083756261767,0.5619753667619424,0.15211725931396342,28.216694844269213,12.591848813993574,5.766291642028161,3.928547144970038,19.5,5.807518637703432,5.25,2.454124543035107,4.333333333333333,3.200378765462651,2.4166666666666665,0.9962049198956219,1.5,1.5075567228888183,102.58333333333333,4.621261798043974,9.916666666666666,3.9876703915337774,8.166666666666666,3.857303187304296,102.58333333333333,4.621261798043974
Round Robin,0.5,2,Medium,357.74752037934667,2.2744142122636193,0.0036970004916938737,0.001172021838355795,1.1476532242391926,0.4278735811328456,24.125111730374886,9.723519640694537,4.368465631443242,3.341315025523122,19.416666666666668,5.0893531171962465,4.666666666666667,2.0150945537631877,5.166666666666667,3.2983007562664564,2.0833333333333335,0.7929614610987591,1.75,1.712255291076124,108.41666666666667,6.788470618138765,9.583333333333334,2.5030284687057622,8.416666666666666,2.151461800448216,108.41666666666667,6.788470618138765
Round Robin,0.5,3,High,358.37018165578434,1.7901265337483323,0.0026342723559748815,0.0008483664425044936,1.090105684702188,0.36794106450560776,24.79881485473591,10.50950084883956,5.363428128430808,3.4492696618720338,16.0,4.327501903786147,4.0,1.8586407545691703,2.6666666666666665,2.309401076758503,2.4166666666666665,0.6685579234215214,1.1666666666666667,1.0298573010888743,108.0,5.169842621131976,9.333333333333334,2.70801280154532,7.666666666666667,2.146173479954639,108.0,5.169842621131976
Round Robin,0.5,3,Low,357.7733107207791,1.7370604054558967,0.003533665978982132,0.0009720671785743086,0.5248533335732174,0.18345363254209016,30.350385453326634,14.597134207211605,6.693700169548424,4.951868897130078,17.583333333333332,5.212891944424172,5.0,2.04494943258218,4.916666666666667,2.7455197664338145,1.8333333333333333,0.8348471099367218,1.4166666666666667,1.378954368902449,105.5,7.166842844909911,7.666666666666667,3.7497474662443677,6.666666666666667,3.3665016461206925,105.5,7.166842844909911
Round Robin,0.5,3,Medium,358.45443154838136,2.101443120921434,0.003066664825547275,0.001260866446749308,0.8668038432256909,0.4195634728818438,24.405832323452458,9.736436268979116,5.4870674103008135,3.4290956697880293,16.916666666666668,5.28218848125615,4.083333333333333,2.108783937953269,4.916666666666667,3.964807305493795,1.75,1.1381803659589922,1.5833333333333333,1.3113721705515067,106.91666666666667,6.788470618138768,7.916666666666667,2.6443192398846707,6.583333333333333,2.539088359425425,106.91666666666667,6.788470618138768
